order_id,target,total_items,exported,output_file
00100001,rollcontainer,44,no,
00100002,rollcontainer,38,no,
00100003,rollcontainer,34,no,
00100004,euro-pallet,58,no,
00100005,euro-pallet,52,no,
00100006,euro-pallet,108,no,
00100007,rollcontainer,29,no,
00100008,rollcontainer,36,no,
00100009,rollcontainer,45,no,
00100010,euro-pallet,49,no,
00100011,euro-pallet,54,no,
00100012,euro-pallet,42,no,
00100013,rollcontainer,45,no,
00100014,rollcontainer,47,no,
00100015,rollcontainer,37,no,
00100016,euro-pallet,55,no,
00100017,rollcontainer,32,no,
00100018,rollcontainer,45,no,
00100019,rollcontainer,27,no,
00100020,rollcontainer,45,no,
00100021,rollcontainer,48,no,
00100022,euro-pallet,60,no,
00100023,rollcontainer,38,no,
00100024,rollcontainer,41,no,
00100025,euro-pallet,55,no,
00100026,euro-pallet,29,no,
00100027,rollcontainer,19,no,
00100028,rollcontainer,39,no,
00100029,euro-pallet,60,no,
00100030,euro-pallet,43,no,
00100031,euro-pallet,39,no,
00100032,rollcontainer,44,no,
00100033,rollcontainer,40,no,
00100034,rollcontainer,48,no,
00100035,euro-pallet,59,no,
00100036,rollcontainer,44,no,
00100037,rollcontainer,37,no,
00100038,euro-pallet,48,no,
00100039,euro-pallet,32,no,
00100040,euro-pallet,52,no,
00100041,rollcontainer,22,no,
00100042,euro-pallet,61,no,
00100043,euro-pallet,35,no,
00100044,rollcontainer,21,no,
00100045,rollcontainer,46,no,
00100046,euro-pallet,41,no,
00100047,euro-pallet,62,no,
00100048,euro-pallet,52,no,
00100049,rollcontainer,33,no,
00100050,euro-pallet,55,no,
00100051,euro-pallet,55,no,
00100052,rollcontainer,43,no,
00100053,euro-pallet,40,no,
00100054,euro-pallet,51,no,
00100055,rollcontainer,43,no,
00100056,rollcontainer,43,no,
00100057,rollcontainer,26,no,
00100058,rollcontainer,34,no,
00100059,euro-pallet,52,no,
00100060,euro-pallet,51,no,
00100061,rollcontainer,31,no,
00100062,rollcontainer,21,no,
00100063,euro-pallet,41,no,
00100064,euro-pallet,57,no,
00100065,rollcontainer,17,no,
00100066,euro-pallet,51,no,
00100067,euro-pallet,47,no,
00100068,rollcontainer,44,no,
00100069,euro-pallet,50,no,
00100070,rollcontainer,47,no,
00100071,rollcontainer,29,no,
00100072,rollcontainer,29,no,
00100073,rollcontainer,21,no,
00100074,rollcontainer,35,no,
00100075,rollcontainer,37,no,
00100076,euro-pallet,46,no,
00100077,rollcontainer,21,no,
00100078,euro-pallet,44,no,
00100079,euro-pallet,33,no,
00100080,euro-pallet,47,no,
00100081,rollcontainer,27,no,
00100082,euro-pallet,41,no,
00100083,euro-pallet,52,no,
00100084,euro-pallet,40,no,
00100085,rollcontainer,33,no,
00100086,rollcontainer,35,no,
00100087,rollcontainer,23,no,
00100088,rollcontainer,42,no,
00100089,euro-pallet,56,no,
00100090,rollcontainer,14,yes,bedbpp_order_00100090_rollcontainer.txt
00100091,rollcontainer,38,no,
00100092,rollcontainer,32,no,
00100093,rollcontainer,26,no,
00100094,rollcontainer,47,no,
00100095,rollcontainer,30,no,
00100096,rollcontainer,46,no,
00100097,euro-pallet,42,no,
00100098,rollcontainer,44,no,
00100099,euro-pallet,57,no,
00100100,euro-pallet,33,no,
00100101,rollcontainer,39,no,
00100102,rollcontainer,46,no,
00100103,rollcontainer,33,no,
00100104,euro-pallet,44,no,
00100105,euro-pallet,56,no,
00100106,euro-pallet,46,no,
00100107,rollcontainer,40,no,
00100108,rollcontainer,17,no,
00100109,rollcontainer,66,no,
00100110,rollcontainer,33,no,
00100111,euro-pallet,47,no,
00100112,euro-pallet,48,no,
00100113,euro-pallet,61,no,
00100114,rollcontainer,34,no,
00100115,euro-pallet,47,no,
00100116,rollcontainer,44,no,
00100117,rollcontainer,38,no,
00100118,euro-pallet,45,no,
00100119,euro-pallet,43,no,
00100120,euro-pallet,49,no,
00100121,rollcontainer,41,no,
00100122,rollcontainer,40,no,
00100123,rollcontainer,31,no,
00100124,euro-pallet,37,no,
00100125,rollcontainer,45,no,
00100126,rollcontainer,47,no,
00100127,euro-pallet,54,no,
00100128,euro-pallet,59,no,
00100129,rollcontainer,32,no,
00100130,euro-pallet,49,no,
00100131,euro-pallet,30,no,
00100132,euro-pallet,35,no,
00100133,euro-pallet,35,yes,bedbpp_order_00100133_euro-pallet.txt
00100134,rollcontainer,39,no,
00100135,euro-pallet,52,no,
00100136,euro-pallet,50,no,
00100137,euro-pallet,44,no,
00100138,euro-pallet,46,no,
00100139,rollcontainer,31,yes,bedbpp_order_00100139_rollcontainer.txt
00100140,euro-pallet,61,no,
00100141,rollcontainer,34,no,
00100142,euro-pallet,40,no,
00100143,rollcontainer,53,no,
00100144,euro-pallet,56,no,
00100145,euro-pallet,56,no,
00100146,rollcontainer,20,no,
00100147,euro-pallet,45,no,
00100148,rollcontainer,22,no,
00100149,euro-pallet,46,no,
00100150,rollcontainer,18,no,
00100151,rollcontainer,43,no,
00100152,euro-pallet,50,no,
00100153,rollcontainer,15,no,
00100154,euro-pallet,64,no,
00100155,euro-pallet,59,no,
00100156,euro-pallet,47,no,
00100157,rollcontainer,49,no,
00100158,euro-pallet,42,no,
00100159,rollcontainer,34,no,
00100160,rollcontainer,16,no,
00100161,rollcontainer,44,no,
00100162,rollcontainer,43,yes,bedbpp_order_00100162_rollcontainer.txt
00100163,rollcontainer,42,no,
00100164,euro-pallet,49,no,
00100165,euro-pallet,43,no,
00100166,rollcontainer,41,no,
00100167,euro-pallet,41,no,
00100168,euro-pallet,64,no,
00100169,euro-pallet,56,no,
00100170,euro-pallet,56,no,
00100171,rollcontainer,22,no,
00100172,euro-pallet,51,no,
00100173,rollcontainer,49,no,
00100174,rollcontainer,40,no,
00100175,rollcontainer,47,no,
00100176,euro-pallet,39,no,
00100177,euro-pallet,58,no,
00100178,euro-pallet,59,no,
00100179,euro-pallet,49,no,
00100180,euro-pallet,59,no,
00100181,rollcontainer,37,no,
00100182,rollcontainer,45,no,
00100183,rollcontainer,27,no,
00100184,euro-pallet,49,no,
00100185,euro-pallet,54,no,
00100186,euro-pallet,55,no,
00100187,euro-pallet,23,no,
00100188,euro-pallet,53,no,
00100189,rollcontainer,31,no,
00100190,euro-pallet,47,no,
00100191,rollcontainer,44,no,
00100192,euro-pallet,31,no,
00100193,rollcontainer,41,no,
00100194,rollcontainer,19,no,
00100195,euro-pallet,57,no,
00100196,euro-pallet,54,no,
00100197,rollcontainer,35,no,
00100198,rollcontainer,36,no,
00100199,euro-pallet,62,no,
00100200,rollcontainer,46,no,
00100201,euro-pallet,49,no,
00100202,euro-pallet,73,no,
00100203,rollcontainer,44,no,
00100204,euro-pallet,57,no,
00100205,rollcontainer,43,no,
00100206,rollcontainer,47,no,
00100207,euro-pallet,63,no,
00100208,rollcontainer,33,no,
00100209,rollcontainer,21,no,
00100210,rollcontainer,33,no,
00100211,euro-pallet,56,no,
00100212,euro-pallet,29,no,
00100213,euro-pallet,45,no,
00100214,rollcontainer,36,no,
00100215,rollcontainer,37,no,
00100216,rollcontainer,40,no,
00100217,euro-pallet,59,no,
00100218,rollcontainer,19,no,
00100219,euro-pallet,54,no,
00100220,rollcontainer,17,no,
00100221,euro-pallet,32,no,
00100222,euro-pallet,34,no,
00100223,euro-pallet,51,no,
00100224,rollcontainer,45,no,
00100225,euro-pallet,55,no,
00100226,euro-pallet,56,no,
00100227,euro-pallet,37,no,
00100228,rollcontainer,34,no,
00100229,euro-pallet,60,no,
00100230,rollcontainer,34,no,
00100231,euro-pallet,51,no,
00100232,euro-pallet,58,no,
00100233,rollcontainer,19,no,
00100234,rollcontainer,33,no,
00100235,euro-pallet,44,no,
00100236,rollcontainer,26,no,
00100237,rollcontainer,43,no,
00100238,euro-pallet,41,no,
00100239,rollcontainer,42,no,
00100240,euro-pallet,105,no,
00100241,rollcontainer,17,no,
00100242,rollcontainer,41,no,
00100243,rollcontainer,33,no,
00100244,rollcontainer,23,no,
00100245,euro-pallet,39,no,
00100246,rollcontainer,36,no,
00100247,rollcontainer,40,no,
00100248,rollcontainer,22,no,
00100249,rollcontainer,46,no,
00100250,rollcontainer,47,no,
00100251,euro-pallet,47,no,
00100252,rollcontainer,38,no,
00100253,rollcontainer,41,no,
00100254,rollcontainer,21,no,
00100255,rollcontainer,37,no,
00100256,rollcontainer,15,no,
00100257,euro-pallet,69,no,
00100258,rollcontainer,42,no,
00100259,rollcontainer,36,no,
00100260,euro-pallet,60,no,
00100261,euro-pallet,56,no,
00100262,euro-pallet,35,no,
00100263,rollcontainer,32,no,
00100264,euro-pallet,57,no,
00100265,euro-pallet,74,no,
00100266,rollcontainer,37,no,
00100267,euro-pallet,47,no,
00100268,rollcontainer,18,no,
00100269,rollcontainer,39,no,
00100270,rollcontainer,32,no,
00100271,euro-pallet,43,no,
00100272,euro-pallet,38,no,
00100273,rollcontainer,32,no,
00100274,rollcontainer,20,no,
00100275,euro-pallet,29,no,
00100276,euro-pallet,55,no,
00100277,euro-pallet,42,no,
00100278,rollcontainer,18,no,
00100279,rollcontainer,48,no,
00100280,rollcontainer,42,no,
00100281,rollcontainer,31,no,
00100282,euro-pallet,45,no,
00100283,euro-pallet,57,no,
00100284,rollcontainer,39,no,
00100285,euro-pallet,45,no,
00100286,rollcontainer,38,no,
00100287,rollcontainer,48,no,
00100288,euro-pallet,38,no,
00100289,rollcontainer,46,no,
00100290,rollcontainer,52,no,
00100291,rollcontainer,42,no,
00100292,euro-pallet,58,no,
00100293,rollcontainer,41,no,
00100294,rollcontainer,22,no,
00100295,rollcontainer,42,no,
00100296,euro-pallet,30,no,
00100297,rollcontainer,33,no,
00100298,rollcontainer,43,no,
00100299,euro-pallet,56,no,
00100300,euro-pallet,55,no,
00100301,euro-pallet,54,no,
00100302,euro-pallet,55,no,
00100303,rollcontainer,48,no,
00100304,euro-pallet,58,no,
00100305,rollcontainer,40,no,
00100306,rollcontainer,35,no,
00100307,euro-pallet,46,no,
00100308,rollcontainer,41,no,
00100309,euro-pallet,86,no,
00100310,euro-pallet,44,no,
00100311,rollcontainer,46,no,
00100312,rollcontainer,30,no,
00100313,euro-pallet,34,no,
00100314,rollcontainer,41,no,
00100315,rollcontainer,34,no,
00100316,rollcontainer,44,no,
00100317,euro-pallet,32,no,
00100318,euro-pallet,35,no,
00100319,rollcontainer,16,no,
00100320,euro-pallet,63,no,
00100321,euro-pallet,55,no,
00100322,rollcontainer,44,no,
00100323,rollcontainer,22,no,
00100324,rollcontainer,36,no,
00100325,euro-pallet,59,no,
00100326,rollcontainer,45,no,
00100327,rollcontainer,17,no,
00100328,euro-pallet,50,no,
00100329,euro-pallet,54,no,
00100330,rollcontainer,42,no,
00100331,rollcontainer,75,no,
00100332,rollcontainer,33,no,
00100333,euro-pallet,29,no,
00100334,euro-pallet,63,no,
00100335,rollcontainer,38,no,
00100336,rollcontainer,20,no,
00100337,euro-pallet,44,no,
00100338,rollcontainer,43,no,
00100339,rollcontainer,17,no,
00100340,rollcontainer,52,no,
00100341,euro-pallet,45,no,
00100342,rollcontainer,15,no,
00100343,euro-pallet,35,no,
00100344,rollcontainer,19,no,
00100345,euro-pallet,46,no,
00100346,rollcontainer,37,no,
00100347,rollcontainer,33,no,
00100348,rollcontainer,35,no,
00100349,rollcontainer,36,no,
00100350,euro-pallet,43,no,
00100351,euro-pallet,62,no,
00100352,rollcontainer,30,no,
00100353,euro-pallet,54,no,
00100354,rollcontainer,20,no,
00100355,euro-pallet,53,no,
00100356,rollcontainer,18,no,
00100357,euro-pallet,37,no,
00100358,rollcontainer,33,no,
00100359,rollcontainer,38,no,
00100360,euro-pallet,52,no,
00100361,euro-pallet,44,no,
00100362,rollcontainer,35,no,
00100363,rollcontainer,30,no,
00100364,euro-pallet,51,no,
00100365,rollcontainer,53,no,
00100366,euro-pallet,59,no,
00100367,rollcontainer,21,no,
00100368,rollcontainer,17,no,
00100369,euro-pallet,34,no,
00100370,euro-pallet,34,no,
00100371,euro-pallet,31,no,
00100372,euro-pallet,52,no,
00100373,euro-pallet,29,no,
00100374,euro-pallet,45,no,
00100375,euro-pallet,54,no,
00100376,rollcontainer,40,no,
00100377,rollcontainer,17,no,
00100378,euro-pallet,24,no,
00100379,rollcontainer,36,no,
00100380,rollcontainer,46,no,
00100381,rollcontainer,31,no,
00100382,rollcontainer,40,no,
00100383,rollcontainer,40,no,
00100384,rollcontainer,40,no,
00100385,euro-pallet,47,no,
00100386,euro-pallet,53,no,
00100387,rollcontainer,31,no,
00100388,rollcontainer,17,no,
00100389,rollcontainer,19,no,
00100390,rollcontainer,34,no,
00100391,euro-pallet,36,no,
00100392,rollcontainer,44,no,
00100393,rollcontainer,28,no,
00100394,euro-pallet,53,no,
00100395,euro-pallet,53,no,
00100396,euro-pallet,49,no,
00100397,rollcontainer,43,no,
00100398,euro-pallet,58,no,
00100399,euro-pallet,54,no,
00100400,euro-pallet,60,no,
00100401,rollcontainer,39,no,
00100402,rollcontainer,51,no,
00100403,euro-pallet,37,no,
00100404,euro-pallet,56,no,
00100405,euro-pallet,56,no,
00100406,rollcontainer,36,no,
00100407,euro-pallet,27,no,
00100408,euro-pallet,26,no,
00100409,euro-pallet,55,no,
00100410,euro-pallet,43,no,
00100411,rollcontainer,34,no,
00100412,rollcontainer,36,no,
00100413,euro-pallet,53,no,
00100414,euro-pallet,68,no,
00100415,rollcontainer,40,no,
00100416,rollcontainer,43,no,
00100417,rollcontainer,44,no,
00100418,rollcontainer,35,no,
00100419,rollcontainer,51,no,
00100420,rollcontainer,19,no,
00100421,rollcontainer,33,no,
00100422,euro-pallet,57,no,
00100423,euro-pallet,56,no,
00100424,euro-pallet,50,no,
00100425,euro-pallet,69,no,
00100426,rollcontainer,40,no,
00100427,rollcontainer,42,no,
00100428,euro-pallet,52,no,
00100429,rollcontainer,24,no,
00100430,rollcontainer,32,no,
00100431,euro-pallet,54,no,
00100432,euro-pallet,44,no,
00100433,euro-pallet,49,no,
00100434,euro-pallet,51,no,
00100435,rollcontainer,38,no,
00100436,euro-pallet,57,no,
00100437,euro-pallet,42,no,
00100438,rollcontainer,33,no,
00100439,rollcontainer,58,no,
00100440,euro-pallet,30,no,
00100441,euro-pallet,68,no,
00100442,rollcontainer,36,no,
00100443,rollcontainer,34,no,
00100444,euro-pallet,54,no,
00100445,rollcontainer,23,no,
00100446,rollcontainer,33,no,
00100447,euro-pallet,48,no,
00100448,euro-pallet,58,no,
00100449,euro-pallet,31,no,
00100450,rollcontainer,17,no,
00100451,rollcontainer,21,no,
00100452,euro-pallet,45,no,
00100453,euro-pallet,35,no,
00100454,euro-pallet,60,no,
00100455,euro-pallet,56,no,
00100456,euro-pallet,27,no,
00100457,rollcontainer,43,no,
00100458,rollcontainer,42,no,
00100459,rollcontainer,43,no,
00100460,euro-pallet,51,no,
00100461,euro-pallet,57,no,
00100462,rollcontainer,43,no,
00100463,euro-pallet,48,no,
00100464,euro-pallet,53,no,
00100465,euro-pallet,48,no,
00100466,rollcontainer,19,no,
00100467,rollcontainer,42,no,
00100468,rollcontainer,36,no,
00100469,rollcontainer,44,no,
00100470,rollcontainer,42,no,
00100471,rollcontainer,38,no,
00100472,rollcontainer,39,no,
00100473,rollcontainer,46,no,
00100474,euro-pallet,39,no,
00100475,euro-pallet,51,no,
00100476,rollcontainer,48,no,
00100477,rollcontainer,41,no,
00100478,euro-pallet,38,no,
00100479,euro-pallet,43,no,
00100480,rollcontainer,47,no,
00100481,euro-pallet,64,no,
00100482,rollcontainer,36,no,
00100483,rollcontainer,47,no,
00100484,euro-pallet,31,no,
00100485,euro-pallet,58,no,
00100486,euro-pallet,55,no,
00100487,euro-pallet,41,no,
00100488,euro-pallet,35,no,
00100489,rollcontainer,50,no,
00100490,euro-pallet,52,no,
00100491,euro-pallet,64,no,
00100492,euro-pallet,53,no,
00100493,rollcontainer,42,no,
00100494,rollcontainer,36,no,
00100495,euro-pallet,62,no,
00100496,euro-pallet,47,no,
00100497,rollcontainer,28,no,
00100498,euro-pallet,59,no,
00100499,rollcontainer,46,no,
00100500,euro-pallet,45,no,
00100501,rollcontainer,45,no,
00100502,euro-pallet,59,no,
00100503,rollcontainer,49,no,
00100504,rollcontainer,44,no,
00100505,rollcontainer,48,no,
00100506,euro-pallet,37,no,
00100507,rollcontainer,36,no,
00100508,rollcontainer,33,no,
00100509,rollcontainer,36,no,
00100510,euro-pallet,66,no,
00100511,rollcontainer,69,no,
00100512,euro-pallet,53,no,
00100513,rollcontainer,43,no,
00100514,euro-pallet,27,no,
00100515,euro-pallet,49,no,
00100516,euro-pallet,37,no,
00100517,rollcontainer,23,no,
00100518,rollcontainer,38,no,
00100519,rollcontainer,41,no,
00100520,euro-pallet,39,no,
00100521,rollcontainer,33,no,
00100522,rollcontainer,41,no,
00100523,euro-pallet,51,no,
00100524,rollcontainer,33,no,
00100525,euro-pallet,33,no,
00100526,rollcontainer,47,no,
00100527,rollcontainer,37,no,
00100528,euro-pallet,53,no,
00100529,euro-pallet,53,no,
00100530,rollcontainer,51,no,
00100531,euro-pallet,25,no,
00100532,rollcontainer,51,no,
00100533,rollcontainer,47,no,
00100534,rollcontainer,43,no,
00100535,rollcontainer,35,no,
00100536,euro-pallet,60,no,
00100537,euro-pallet,29,no,
00100538,euro-pallet,57,no,
00100539,rollcontainer,37,no,
00100540,rollcontainer,42,no,
00100541,rollcontainer,37,no,
00100542,euro-pallet,47,no,
00100543,rollcontainer,29,no,
00100544,rollcontainer,47,no,
00100545,rollcontainer,40,no,
00100546,euro-pallet,56,no,
00100547,rollcontainer,48,no,
00100548,rollcontainer,37,no,
00100549,euro-pallet,23,no,
00100550,rollcontainer,43,no,
00100551,rollcontainer,23,no,
00100552,euro-pallet,73,no,
00100553,rollcontainer,24,no,
00100554,rollcontainer,37,no,
00100555,rollcontainer,18,no,
00100556,euro-pallet,31,no,
00100557,euro-pallet,42,no,
00100558,euro-pallet,55,no,
00100559,rollcontainer,34,no,
00100560,euro-pallet,35,no,
00100561,rollcontainer,41,no,
00100562,rollcontainer,44,no,
00100563,rollcontainer,40,no,
00100564,euro-pallet,51,no,
00100565,rollcontainer,38,no,
00100566,rollcontainer,49,no,
00100567,euro-pallet,54,no,
00100568,euro-pallet,52,no,
00100569,euro-pallet,62,no,
00100570,rollcontainer,43,no,
00100571,euro-pallet,52,no,
00100572,euro-pallet,32,no,
00100573,euro-pallet,46,no,
00100574,rollcontainer,43,no,
00100575,rollcontainer,48,no,
00100576,euro-pallet,32,no,
00100577,euro-pallet,58,no,
00100578,euro-pallet,38,no,
00100579,rollcontainer,17,no,
00100580,rollcontainer,41,no,
00100581,rollcontainer,44,no,
00100582,euro-pallet,45,no,
00100583,rollcontainer,46,no,
00100584,euro-pallet,55,no,
00100585,rollcontainer,38,no,
00100586,rollcontainer,35,no,
00100587,euro-pallet,45,no,
00100588,rollcontainer,39,no,
00100589,euro-pallet,56,no,
00100590,rollcontainer,37,no,
00100591,euro-pallet,44,no,
00100592,rollcontainer,50,no,
00100593,euro-pallet,61,no,
00100594,rollcontainer,33,no,
00100595,rollcontainer,23,no,
00100596,euro-pallet,27,no,
00100597,rollcontainer,56,no,
00100598,euro-pallet,59,no,
00100599,euro-pallet,59,no,
00100600,euro-pallet,37,no,
00100601,rollcontainer,46,no,
00100602,euro-pallet,56,no,
00100603,euro-pallet,34,no,
00100604,euro-pallet,30,no,
00100605,rollcontainer,32,no,
00100606,euro-pallet,98,no,
00100607,rollcontainer,52,no,
00100608,rollcontainer,37,no,
00100609,euro-pallet,33,no,
00100610,rollcontainer,32,no,
00100611,euro-pallet,40,no,
00100612,rollcontainer,15,no,
00100613,rollcontainer,44,no,
00100614,rollcontainer,37,no,
00100615,euro-pallet,43,no,
00100616,rollcontainer,42,no,
00100617,euro-pallet,62,no,
00100618,euro-pallet,40,no,
00100619,euro-pallet,55,no,
00100620,euro-pallet,68,no,
00100621,rollcontainer,42,no,
00100622,euro-pallet,68,no,
00100623,rollcontainer,46,yes,bedbpp_order_00100623_rollcontainer.txt
00100624,rollcontainer,18,no,
00100625,rollcontainer,80,no,
00100626,rollcontainer,48,no,
00100627,euro-pallet,107,no,
00100628,euro-pallet,53,no,
00100629,rollcontainer,29,no,
00100630,rollcontainer,46,no,
00100631,euro-pallet,100,no,
00100632,rollcontainer,35,no,
00100633,rollcontainer,32,no,
00100634,rollcontainer,47,no,
00100635,rollcontainer,17,no,
00100636,euro-pallet,59,no,
00100637,rollcontainer,41,no,
00100638,rollcontainer,43,no,
00100639,rollcontainer,26,no,
00100640,rollcontainer,45,no,
00100641,rollcontainer,39,no,
00100642,rollcontainer,45,no,
00100643,euro-pallet,44,no,
00100644,euro-pallet,31,no,
00100645,euro-pallet,57,no,
00100646,rollcontainer,41,no,
00100647,euro-pallet,55,no,
00100648,rollcontainer,43,no,
00100649,rollcontainer,42,no,
00100650,euro-pallet,35,no,
00100651,rollcontainer,48,no,
00100652,rollcontainer,48,no,
00100653,rollcontainer,36,no,
00100654,rollcontainer,23,no,
00100655,euro-pallet,61,no,
00100656,euro-pallet,50,no,
00100657,euro-pallet,55,no,
00100658,rollcontainer,28,no,
00100659,rollcontainer,39,no,
00100660,euro-pallet,41,no,
00100661,rollcontainer,23,no,
00100662,rollcontainer,26,no,
00100663,rollcontainer,36,no,
00100664,euro-pallet,47,no,
00100665,rollcontainer,39,no,
00100666,rollcontainer,24,no,
00100667,rollcontainer,34,no,
00100668,euro-pallet,51,no,
00100669,rollcontainer,43,no,
00100670,euro-pallet,63,no,
00100671,rollcontainer,25,no,
00100672,euro-pallet,28,no,
00100673,rollcontainer,36,no,
00100674,euro-pallet,99,no,
00100675,rollcontainer,45,no,
00100676,euro-pallet,47,no,
00100677,rollcontainer,20,no,
00100678,euro-pallet,57,no,
00100679,rollcontainer,44,no,
00100680,rollcontainer,43,no,
00100681,rollcontainer,42,no,
00100682,rollcontainer,37,no,
00100683,euro-pallet,64,no,
00100684,rollcontainer,44,no,
00100685,rollcontainer,38,no,
00100686,euro-pallet,33,no,
00100687,rollcontainer,37,no,
00100688,euro-pallet,39,no,
00100689,euro-pallet,25,no,
00100690,euro-pallet,51,no,
00100691,rollcontainer,46,no,
00100692,euro-pallet,42,no,
00100693,rollcontainer,18,no,
00100694,euro-pallet,55,no,
00100695,euro-pallet,62,no,
00100696,euro-pallet,62,no,
00100697,rollcontainer,38,no,
00100698,rollcontainer,45,no,
00100699,euro-pallet,62,no,
00100700,rollcontainer,39,no,
00100701,rollcontainer,22,no,
00100702,euro-pallet,47,no,
00100703,rollcontainer,42,no,
00100704,rollcontainer,27,no,
00100705,rollcontainer,39,no,
00100706,rollcontainer,46,no,
00100707,euro-pallet,67,no,
00100708,euro-pallet,40,no,
00100709,rollcontainer,20,no,
00100710,rollcontainer,39,no,
00100711,rollcontainer,17,no,
00100712,rollcontainer,35,no,
00100713,rollcontainer,26,no,
00100714,rollcontainer,32,no,
00100715,rollcontainer,33,no,
00100716,euro-pallet,50,no,
00100717,rollcontainer,46,no,
00100718,rollcontainer,42,no,
00100719,rollcontainer,33,no,
00100720,euro-pallet,58,no,
00100721,rollcontainer,39,no,
00100722,euro-pallet,60,no,
00100723,rollcontainer,38,no,
00100724,rollcontainer,36,no,
00100725,rollcontainer,34,no,
00100726,euro-pallet,45,no,
00100727,rollcontainer,47,no,
00100728,rollcontainer,16,no,
00100729,rollcontainer,21,no,
00100730,euro-pallet,54,no,
00100731,euro-pallet,60,no,
00100732,rollcontainer,24,no,
00100733,rollcontainer,45,no,
00100734,rollcontainer,38,no,
00100735,rollcontainer,40,no,
00100736,rollcontainer,49,no,
00100737,euro-pallet,41,no,
00100738,rollcontainer,35,no,
00100739,rollcontainer,39,no,
00100740,rollcontainer,35,no,
00100741,euro-pallet,49,no,
00100742,rollcontainer,37,no,
00100743,euro-pallet,58,no,
00100744,euro-pallet,56,no,
00100745,rollcontainer,40,no,
00100746,euro-pallet,56,no,
00100747,rollcontainer,37,no,
00100748,euro-pallet,54,no,
00100749,euro-pallet,94,no,
00100750,euro-pallet,43,no,
00100751,rollcontainer,40,no,
00100752,euro-pallet,37,no,
00100753,euro-pallet,95,no,
00100754,rollcontainer,32,no,
00100755,rollcontainer,45,no,
00100756,rollcontainer,32,no,
00100757,euro-pallet,53,no,
00100758,euro-pallet,56,no,
00100759,euro-pallet,50,no,
00100760,euro-pallet,64,no,
00100761,rollcontainer,32,no,
00100762,rollcontainer,15,no,
00100763,rollcontainer,18,no,
00100764,euro-pallet,54,no,
00100765,rollcontainer,48,no,
00100766,euro-pallet,55,no,
00100767,rollcontainer,17,no,
00100768,euro-pallet,55,no,
00100769,euro-pallet,46,no,
00100770,rollcontainer,41,no,
00100771,rollcontainer,43,no,
00100772,rollcontainer,41,no,
00100773,rollcontainer,42,no,
00100774,euro-pallet,40,no,
00100775,euro-pallet,59,no,
00100776,euro-pallet,60,no,
00100777,rollcontainer,34,no,
00100778,euro-pallet,56,no,
00100779,euro-pallet,28,no,
00100780,rollcontainer,18,no,
00100781,euro-pallet,55,no,
00100782,rollcontainer,19,no,
00100783,euro-pallet,33,no,
00100784,rollcontainer,23,no,
00100785,rollcontainer,42,no,
00100786,rollcontainer,20,no,
00100787,rollcontainer,33,no,
00100788,euro-pallet,43,no,
00100789,rollcontainer,39,no,
00100790,euro-pallet,49,no,
00100791,rollcontainer,44,no,
00100792,euro-pallet,61,no,
00100793,rollcontainer,43,no,
00100794,rollcontainer,31,no,
00100795,euro-pallet,48,no,
00100796,rollcontainer,45,no,
00100797,euro-pallet,59,no,
00100798,rollcontainer,44,no,
00100799,rollcontainer,40,no,
00100800,euro-pallet,55,no,
00100801,rollcontainer,43,no,
00100802,rollcontainer,34,no,
00100803,euro-pallet,58,no,
00100804,euro-pallet,59,no,
00100805,euro-pallet,41,no,
00100806,rollcontainer,45,no,
00100807,rollcontainer,41,no,
00100808,euro-pallet,34,no,
00100809,rollcontainer,31,no,
00100810,rollcontainer,51,no,
00100811,euro-pallet,54,no,
00100812,euro-pallet,61,no,
00100813,euro-pallet,43,no,
00100814,rollcontainer,34,no,
00100815,euro-pallet,50,no,
00100816,rollcontainer,60,no,
00100817,euro-pallet,46,no,
00100818,euro-pallet,53,no,
00100819,euro-pallet,54,no,
00100820,rollcontainer,33,no,
00100821,rollcontainer,31,no,
00100822,rollcontainer,49,no,
00100823,rollcontainer,32,no,
00100824,rollcontainer,32,no,
00100825,rollcontainer,43,no,
00100826,rollcontainer,37,no,
00100827,euro-pallet,59,no,
00100828,rollcontainer,33,no,
00100829,rollcontainer,34,no,
00100830,rollcontainer,18,no,
00100831,euro-pallet,53,no,
00100832,rollcontainer,19,no,
00100833,euro-pallet,48,no,
00100834,rollcontainer,35,no,
00100835,rollcontainer,38,no,
00100836,euro-pallet,32,no,
00100837,rollcontainer,49,no,
00100838,euro-pallet,33,no,
00100839,rollcontainer,17,no,
00100840,euro-pallet,39,no,
00100841,rollcontainer,33,no,
00100842,euro-pallet,46,no,
00100843,euro-pallet,55,no,
00100844,euro-pallet,41,no,
00100845,euro-pallet,43,no,
00100846,euro-pallet,61,no,
00100847,euro-pallet,55,no,
00100848,euro-pallet,51,no,
00100849,rollcontainer,48,no,
00100850,euro-pallet,57,no,
00100851,euro-pallet,54,no,
00100852,rollcontainer,42,no,
00100853,euro-pallet,63,no,
00100854,rollcontainer,32,no,
00100855,rollcontainer,44,no,
00100856,euro-pallet,49,no,
00100857,euro-pallet,50,no,
00100858,rollcontainer,44,no,
00100859,euro-pallet,57,no,
00100860,rollcontainer,49,no,
00100861,rollcontainer,45,no,
00100862,rollcontainer,39,no,
00100863,euro-pallet,54,no,
00100864,rollcontainer,18,no,
00100865,euro-pallet,38,no,
00100866,rollcontainer,23,no,
00100867,euro-pallet,48,no,
00100868,euro-pallet,30,no,
00100869,rollcontainer,39,no,
00100870,rollcontainer,47,no,
00100871,rollcontainer,19,no,
00100872,rollcontainer,43,no,
00100873,euro-pallet,45,no,
00100874,rollcontainer,33,no,
00100875,euro-pallet,54,no,
00100876,rollcontainer,44,no,
00100877,euro-pallet,43,no,
00100878,rollcontainer,39,no,
00100879,rollcontainer,46,no,
00100880,euro-pallet,58,no,
00100881,euro-pallet,43,no,
00100882,rollcontainer,33,no,
00100883,rollcontainer,49,no,
00100884,rollcontainer,47,no,
00100885,euro-pallet,60,no,
00100886,rollcontainer,20,no,
00100887,rollcontainer,38,no,
00100888,rollcontainer,44,no,
00100889,rollcontainer,15,no,
00100890,euro-pallet,56,no,
00100891,rollcontainer,39,no,
00100892,rollcontainer,21,no,
00100893,euro-pallet,52,no,
00100894,rollcontainer,46,no,
00100895,rollcontainer,22,no,
00100896,rollcontainer,40,no,
00100897,rollcontainer,40,no,
00100898,rollcontainer,36,no,
00100899,rollcontainer,46,no,
00100900,euro-pallet,46,no,
00100901,euro-pallet,50,no,
00100902,rollcontainer,32,no,
00100903,rollcontainer,40,no,
00100904,rollcontainer,45,no,
00100905,euro-pallet,45,no,
00100906,rollcontainer,45,no,
00100907,euro-pallet,42,no,
00100908,euro-pallet,40,no,
00100909,euro-pallet,62,no,
00100910,rollcontainer,42,no,
00100911,euro-pallet,47,no,
00100912,rollcontainer,23,no,
00100913,rollcontainer,44,no,
00100914,rollcontainer,41,no,
00100915,rollcontainer,22,no,
00100916,rollcontainer,22,no,
00100917,euro-pallet,56,no,
00100918,euro-pallet,50,no,
00100919,rollcontainer,47,no,
00100920,euro-pallet,44,no,
00100921,rollcontainer,34,no,
00100922,euro-pallet,56,no,
00100923,euro-pallet,53,no,
00100924,rollcontainer,42,no,
00100925,rollcontainer,16,no,
00100926,rollcontainer,34,no,
00100927,euro-pallet,46,no,
00100928,rollcontainer,33,no,
00100929,rollcontainer,19,no,
00100930,rollcontainer,42,no,
00100931,euro-pallet,63,no,
00100932,euro-pallet,45,no,
00100933,rollcontainer,22,no,
00100934,euro-pallet,43,no,
00100935,euro-pallet,57,no,
00100936,rollcontainer,42,no,
00100937,rollcontainer,46,no,
00100938,rollcontainer,59,no,
00100939,rollcontainer,42,no,
00100940,rollcontainer,34,no,
00100941,euro-pallet,44,no,
00100942,euro-pallet,44,no,
00100943,rollcontainer,33,no,
00100944,rollcontainer,44,no,
00100945,rollcontainer,39,no,
00100946,euro-pallet,52,no,
00100947,rollcontainer,44,no,
00100948,euro-pallet,31,no,
00100949,rollcontainer,62,no,
00100950,euro-pallet,34,no,
00100951,euro-pallet,44,no,
00100952,rollcontainer,37,no,
00100953,euro-pallet,44,no,
00100954,euro-pallet,68,no,
00100955,rollcontainer,44,no,
00100956,euro-pallet,98,no,
00100957,rollcontainer,41,no,
00100958,rollcontainer,43,no,
00100959,rollcontainer,43,no,
00100960,euro-pallet,55,no,
00100961,rollcontainer,51,no,
00100962,euro-pallet,55,no,
00100963,rollcontainer,18,no,
00100964,euro-pallet,59,no,
00100965,rollcontainer,42,no,
00100966,euro-pallet,55,no,
00100967,euro-pallet,53,no,
00100968,euro-pallet,35,no,
00100969,rollcontainer,40,no,
00100970,euro-pallet,62,no,
00100971,rollcontainer,46,no,
00100972,rollcontainer,41,no,
00100973,euro-pallet,50,no,
00100974,rollcontainer,18,no,
00100975,rollcontainer,23,no,
00100976,rollcontainer,36,no,
00100977,rollcontainer,43,no,
00100978,rollcontainer,41,no,
00100979,rollcontainer,39,no,
00100980,rollcontainer,26,no,
00100981,rollcontainer,17,no,
00100982,rollcontainer,40,no,
00100983,euro-pallet,58,no,
00100984,euro-pallet,58,no,
00100985,euro-pallet,59,no,
00100986,euro-pallet,49,no,
00100987,euro-pallet,59,no,
00100988,rollcontainer,23,no,
00100989,euro-pallet,54,no,
00100990,euro-pallet,39,no,
00100991,euro-pallet,56,no,
00100992,euro-pallet,54,no,
00100993,rollcontainer,24,no,
00100994,rollcontainer,37,no,
00100995,rollcontainer,16,no,
00100996,rollcontainer,42,no,
00100997,rollcontainer,47,no,
00100998,rollcontainer,34,no,
00100999,rollcontainer,33,no,
00101000,rollcontainer,33,no,
00101001,euro-pallet,33,no,
00101002,euro-pallet,60,no,
00101003,euro-pallet,36,no,
00101004,euro-pallet,53,no,
00101005,rollcontainer,35,no,
00101006,rollcontainer,35,no,
00101007,euro-pallet,48,no,
00101008,rollcontainer,30,no,
00101009,euro-pallet,43,no,
00101010,euro-pallet,51,no,
00101011,rollcontainer,23,no,
00101012,rollcontainer,34,no,
00101013,euro-pallet,53,no,
00101014,euro-pallet,64,no,
00101015,euro-pallet,49,no,
00101016,rollcontainer,19,no,
00101017,rollcontainer,58,no,
00101018,rollcontainer,35,no,
00101019,rollcontainer,46,no,
00101020,euro-pallet,57,no,
00101021,rollcontainer,45,no,
00101022,euro-pallet,52,no,
00101023,rollcontainer,39,no,
00101024,rollcontainer,39,no,
00101025,rollcontainer,16,no,
00101026,euro-pallet,54,no,
00101027,euro-pallet,32,no,
00101028,rollcontainer,42,no,
00101029,euro-pallet,49,no,
00101030,rollcontainer,26,no,
00101031,euro-pallet,58,no,
00101032,euro-pallet,56,no,
00101033,euro-pallet,56,no,
00101034,rollcontainer,45,no,
00101035,euro-pallet,61,no,
00101036,euro-pallet,38,no,
00101037,euro-pallet,49,no,
00101038,euro-pallet,59,no,
00101039,rollcontainer,40,no,
00101040,rollcontainer,66,no,
00101041,euro-pallet,55,no,
00101042,rollcontainer,29,no,
00101043,euro-pallet,41,no,
00101044,euro-pallet,51,no,
00101045,euro-pallet,55,no,
00101046,euro-pallet,53,no,
00101047,euro-pallet,44,no,
00101048,rollcontainer,45,no,
00101049,rollcontainer,62,no,
00101050,rollcontainer,37,no,
00101051,rollcontainer,38,no,
00101052,rollcontainer,40,no,
00101053,rollcontainer,42,no,
00101054,rollcontainer,46,no,
00101055,rollcontainer,24,no,
00101056,euro-pallet,55,no,
00101057,rollcontainer,19,no,
00101058,rollcontainer,31,no,
00101059,rollcontainer,58,no,
00101060,rollcontainer,34,no,
00101061,euro-pallet,42,no,
00101062,euro-pallet,29,no,
00101063,euro-pallet,64,no,
00101064,rollcontainer,46,no,
00101065,rollcontainer,38,no,
00101066,rollcontainer,44,no,
00101067,rollcontainer,15,no,
00101068,rollcontainer,25,no,
00101069,euro-pallet,55,no,
00101070,rollcontainer,38,no,
00101071,rollcontainer,18,no,
00101072,euro-pallet,62,no,
00101073,euro-pallet,34,no,
00101074,euro-pallet,101,no,
00101075,euro-pallet,53,no,
00101076,euro-pallet,45,no,
00101077,euro-pallet,32,no,
00101078,rollcontainer,38,no,
00101079,euro-pallet,54,no,
00101080,rollcontainer,41,no,
00101081,rollcontainer,38,no,
00101082,rollcontainer,30,no,
00101083,rollcontainer,20,no,
00101084,rollcontainer,27,no,
00101085,rollcontainer,49,no,
00101086,rollcontainer,45,no,
00101087,euro-pallet,44,no,
00101088,euro-pallet,46,no,
00101089,rollcontainer,46,no,
00101090,euro-pallet,53,no,
00101091,rollcontainer,25,no,
00101092,rollcontainer,29,no,
00101093,euro-pallet,41,no,
00101094,rollcontainer,44,no,
00101095,rollcontainer,24,no,
00101096,rollcontainer,39,no,
00101097,euro-pallet,46,no,
00101098,euro-pallet,55,no,
00101099,rollcontainer,36,no,
00101100,euro-pallet,50,no,
00101101,euro-pallet,44,no,
00101102,rollcontainer,21,no,
00101103,euro-pallet,63,no,
00101104,rollcontainer,51,no,
00101105,rollcontainer,18,no,
00101106,rollcontainer,31,no,
00101107,rollcontainer,19,no,
00101108,rollcontainer,42,no,
00101109,rollcontainer,20,no,
00101110,rollcontainer,41,no,
00101111,rollcontainer,49,no,
00101112,rollcontainer,38,no,
00101113,rollcontainer,16,no,
00101114,rollcontainer,20,no,
00101115,rollcontainer,26,no,
00101116,euro-pallet,59,no,
00101117,euro-pallet,63,no,
00101118,rollcontainer,48,no,
00101119,rollcontainer,33,no,
00101120,euro-pallet,52,no,
00101121,rollcontainer,26,no,
00101122,euro-pallet,46,no,
00101123,euro-pallet,45,no,
00101124,euro-pallet,48,no,
00101125,rollcontainer,21,no,
00101126,euro-pallet,44,no,
00101127,rollcontainer,36,no,
00101128,euro-pallet,47,no,
00101129,rollcontainer,17,no,
00101130,rollcontainer,35,no,
00101131,rollcontainer,43,no,
00101132,euro-pallet,23,no,
00101133,euro-pallet,53,no,
00101134,rollcontainer,34,no,
00101135,rollcontainer,15,no,
00101136,rollcontainer,43,no,
00101137,rollcontainer,15,no,
00101138,rollcontainer,38,no,
00101139,rollcontainer,33,no,
00101140,euro-pallet,51,no,
00101141,rollcontainer,31,no,
00101142,rollcontainer,30,no,
00101143,rollcontainer,20,no,
00101144,euro-pallet,50,no,
00101145,euro-pallet,117,no,
00101146,rollcontainer,32,no,
00101147,rollcontainer,36,no,
00101148,rollcontainer,39,no,
00101149,rollcontainer,39,no,
00101150,euro-pallet,55,no,
00101151,rollcontainer,48,no,
00101152,rollcontainer,38,no,
00101153,rollcontainer,46,no,
00101154,rollcontainer,38,no,
00101155,rollcontainer,38,no,
00101156,euro-pallet,49,no,
00101157,euro-pallet,32,no,
00101158,rollcontainer,37,no,
00101159,euro-pallet,43,no,
00101160,rollcontainer,17,no,
00101161,euro-pallet,58,no,
00101162,euro-pallet,47,no,
00101163,rollcontainer,47,no,
00101164,rollcontainer,44,no,
00101165,rollcontainer,45,no,
00101166,rollcontainer,40,no,
00101167,euro-pallet,53,no,
00101168,rollcontainer,20,no,
00101169,rollcontainer,34,no,
00101170,euro-pallet,60,no,
00101171,rollcontainer,42,no,
00101172,rollcontainer,42,no,
00101173,rollcontainer,30,no,
00101174,euro-pallet,56,no,
00101175,rollcontainer,50,no,
00101176,euro-pallet,57,no,
00101177,rollcontainer,17,no,
00101178,euro-pallet,79,no,
00101179,rollcontainer,22,no,
00101180,euro-pallet,38,no,
00101181,rollcontainer,32,no,
00101182,euro-pallet,57,no,
00101183,rollcontainer,36,no,
00101184,rollcontainer,48,no,
00101185,rollcontainer,45,no,
00101186,rollcontainer,35,no,
00101187,rollcontainer,21,no,
00101188,euro-pallet,42,no,
00101189,euro-pallet,43,no,
00101190,rollcontainer,16,no,
00101191,euro-pallet,66,no,
00101192,euro-pallet,45,no,
00101193,euro-pallet,63,no,
00101194,rollcontainer,41,no,
00101195,rollcontainer,47,no,
00101196,rollcontainer,39,no,
00101197,euro-pallet,38,no,
00101198,rollcontainer,32,no,
00101199,rollcontainer,43,no,
00101200,rollcontainer,32,no,
00101201,rollcontainer,32,no,
00101202,euro-pallet,50,no,
00101203,rollcontainer,47,no,
00101204,rollcontainer,44,no,
00101205,rollcontainer,44,no,
00101206,rollcontainer,38,no,
00101207,rollcontainer,32,no,
00101208,rollcontainer,21,no,
00101209,euro-pallet,37,no,
00101210,rollcontainer,41,no,
00101211,euro-pallet,36,no,
00101212,rollcontainer,17,no,
00101213,rollcontainer,16,no,
00101214,euro-pallet,87,no,
00101215,rollcontainer,35,no,
00101216,rollcontainer,37,no,
00101217,rollcontainer,19,no,
00101218,rollcontainer,45,no,
00101219,rollcontainer,43,no,
00101220,euro-pallet,42,no,
00101221,rollcontainer,42,no,
00101222,rollcontainer,44,no,
00101223,euro-pallet,66,no,
00101224,euro-pallet,27,no,
00101225,rollcontainer,43,no,
00101226,rollcontainer,43,no,
00101227,rollcontainer,55,no,
00101228,rollcontainer,31,no,
00101229,rollcontainer,19,no,
00101230,rollcontainer,46,no,
00101231,rollcontainer,23,no,
00101232,euro-pallet,52,no,
00101233,euro-pallet,52,no,
00101234,euro-pallet,42,no,
00101235,rollcontainer,30,no,
00101236,rollcontainer,46,no,
00101237,euro-pallet,31,no,
00101238,rollcontainer,37,no,
00101239,euro-pallet,31,no,
00101240,rollcontainer,34,no,
00101241,euro-pallet,47,no,
00101242,rollcontainer,42,no,
00101243,euro-pallet,39,no,
00101244,rollcontainer,34,no,
00101245,rollcontainer,19,no,
00101246,rollcontainer,46,no,
00101247,euro-pallet,29,no,
00101248,euro-pallet,33,no,
00101249,euro-pallet,45,no,
00101250,euro-pallet,46,no,
00101251,euro-pallet,96,no,
00101252,euro-pallet,52,no,
00101253,rollcontainer,18,no,
00101254,euro-pallet,35,no,
00101255,rollcontainer,38,no,
00101256,euro-pallet,45,no,
00101257,euro-pallet,39,no,
00101258,rollcontainer,52,no,
00101259,euro-pallet,56,no,
00101260,rollcontainer,21,no,
00101261,euro-pallet,44,no,
00101262,rollcontainer,43,no,
00101263,euro-pallet,55,no,
00101264,rollcontainer,44,no,
00101265,rollcontainer,19,no,
00101266,rollcontainer,42,no,
00101267,rollcontainer,44,no,
00101268,euro-pallet,42,no,
00101269,euro-pallet,51,no,
00101270,rollcontainer,41,no,
00101271,rollcontainer,41,no,
00101272,rollcontainer,38,no,
00101273,euro-pallet,45,no,
00101274,euro-pallet,63,no,
00101275,euro-pallet,52,no,
00101276,euro-pallet,38,no,
00101277,rollcontainer,41,no,
00101278,euro-pallet,41,no,
00101279,rollcontainer,37,no,
00101280,rollcontainer,44,no,
00101281,rollcontainer,33,no,
00101282,euro-pallet,56,no,
00101283,rollcontainer,40,no,
00101284,euro-pallet,43,no,
00101285,rollcontainer,35,no,
00101286,euro-pallet,41,no,
00101287,rollcontainer,47,no,
00101288,rollcontainer,36,no,
00101289,euro-pallet,53,no,
00101290,rollcontainer,42,no,
00101291,rollcontainer,51,no,
00101292,rollcontainer,41,no,
00101293,rollcontainer,26,no,
00101294,rollcontainer,38,no,
00101295,rollcontainer,25,no,
00101296,euro-pallet,44,no,
00101297,rollcontainer,43,no,
00101298,rollcontainer,45,no,
00101299,euro-pallet,57,no,
00101300,euro-pallet,45,no,
00101301,rollcontainer,18,no,
00101302,rollcontainer,38,no,
00101303,rollcontainer,20,no,
00101304,euro-pallet,59,no,
00101305,rollcontainer,46,no,
00101306,rollcontainer,31,no,
00101307,euro-pallet,55,no,
00101308,euro-pallet,56,no,
00101309,rollcontainer,45,no,
00101310,euro-pallet,54,no,
00101311,euro-pallet,56,no,
00101312,rollcontainer,33,no,
00101313,euro-pallet,54,no,
00101314,rollcontainer,33,no,
00101315,euro-pallet,55,no,
00101316,rollcontainer,41,no,
00101317,rollcontainer,38,no,
00101318,rollcontainer,38,no,
00101319,rollcontainer,46,no,
00101320,rollcontainer,33,no,
00101321,rollcontainer,37,no,
00101322,euro-pallet,51,no,
00101323,rollcontainer,35,no,
00101324,euro-pallet,55,no,
00101325,rollcontainer,44,no,
00101326,rollcontainer,40,no,
00101327,rollcontainer,32,no,
00101328,rollcontainer,20,no,
00101329,euro-pallet,38,no,
00101330,rollcontainer,46,no,
00101331,rollcontainer,42,no,
00101332,euro-pallet,52,no,
00101333,euro-pallet,78,no,
00101334,rollcontainer,42,no,
00101335,euro-pallet,54,no,
00101336,rollcontainer,47,no,
00101337,euro-pallet,65,no,
00101338,rollcontainer,17,no,
00101339,rollcontainer,59,no,
00101340,euro-pallet,57,no,
00101341,euro-pallet,48,no,
00101342,rollcontainer,33,no,
00101343,rollcontainer,36,no,
00101344,rollcontainer,33,no,
00101345,rollcontainer,44,no,
00101346,rollcontainer,36,no,
00101347,rollcontainer,21,no,
00101348,euro-pallet,40,no,
00101349,euro-pallet,35,no,
00101350,euro-pallet,35,no,
00101351,rollcontainer,36,no,
00101352,euro-pallet,54,no,
00101353,rollcontainer,43,no,
00101354,euro-pallet,48,no,
00101355,rollcontainer,45,no,
00101356,euro-pallet,70,no,
00101357,euro-pallet,52,no,
00101358,rollcontainer,42,no,
00101359,rollcontainer,39,no,
00101360,rollcontainer,22,no,
00101361,rollcontainer,38,no,
00101362,rollcontainer,42,no,
00101363,rollcontainer,33,no,
00101364,euro-pallet,41,no,
00101365,rollcontainer,39,no,
00101366,euro-pallet,51,no,
00101367,rollcontainer,45,no,
00101368,rollcontainer,44,no,
00101369,euro-pallet,55,no,
00101370,rollcontainer,43,no,
00101371,rollcontainer,48,no,
00101372,rollcontainer,59,no,
00101373,rollcontainer,20,no,
00101374,rollcontainer,30,no,
00101375,rollcontainer,39,no,
00101376,rollcontainer,38,no,
00101377,euro-pallet,32,no,
00101378,euro-pallet,58,no,
00101379,euro-pallet,50,no,
00101380,euro-pallet,48,no,
00101381,euro-pallet,44,no,
00101382,euro-pallet,53,no,
00101383,rollcontainer,16,no,
00101384,rollcontainer,43,no,
00101385,euro-pallet,44,no,
00101386,euro-pallet,43,no,
00101387,euro-pallet,55,no,
00101388,euro-pallet,55,no,
00101389,rollcontainer,32,no,
00101390,rollcontainer,48,no,
00101391,rollcontainer,23,no,
00101392,euro-pallet,52,no,
00101393,rollcontainer,44,no,
00101394,euro-pallet,45,no,
00101395,rollcontainer,18,no,
00101396,euro-pallet,63,no,
00101397,rollcontainer,43,no,
00101398,rollcontainer,49,no,
00101399,rollcontainer,45,no,
00101400,rollcontainer,16,no,
00101401,rollcontainer,33,no,
00101402,rollcontainer,37,no,
00101403,euro-pallet,59,no,
00101404,euro-pallet,24,no,
00101405,rollcontainer,40,no,
00101406,euro-pallet,54,no,
00101407,rollcontainer,44,no,
00101408,euro-pallet,42,no,
00101409,rollcontainer,37,no,
00101410,euro-pallet,55,no,
00101411,rollcontainer,49,no,
00101412,euro-pallet,60,no,
00101413,rollcontainer,51,no,
00101414,euro-pallet,55,no,
00101415,rollcontainer,44,no,
00101416,rollcontainer,22,no,
00101417,rollcontainer,49,no,
00101418,rollcontainer,25,no,
00101419,euro-pallet,52,no,
00101420,euro-pallet,51,no,
00101421,rollcontainer,46,no,
00101422,euro-pallet,41,no,
00101423,euro-pallet,33,no,
00101424,rollcontainer,38,no,
00101425,euro-pallet,58,no,
00101426,euro-pallet,55,no,
00101427,rollcontainer,46,no,
00101428,euro-pallet,49,no,
00101429,rollcontainer,45,no,
00101430,rollcontainer,28,no,
00101431,rollcontainer,45,no,
00101432,rollcontainer,43,no,
00101433,euro-pallet,53,no,
00101434,euro-pallet,51,no,
00101435,rollcontainer,36,no,
00101436,rollcontainer,21,no,
00101437,rollcontainer,19,no,
00101438,rollcontainer,37,no,
00101439,euro-pallet,63,no,
00101440,euro-pallet,56,no,
00101441,euro-pallet,32,no,
00101442,euro-pallet,52,no,
00101443,euro-pallet,51,no,
00101444,euro-pallet,47,no,
00101445,rollcontainer,43,no,
00101446,euro-pallet,70,no,
00101447,euro-pallet,44,no,
00101448,rollcontainer,45,no,
00101449,euro-pallet,48,no,
00101450,rollcontainer,33,no,
00101451,euro-pallet,43,no,
00101452,euro-pallet,44,no,
00101453,rollcontainer,51,no,
00101454,rollcontainer,33,no,
00101455,euro-pallet,57,no,
00101456,rollcontainer,39,no,
00101457,rollcontainer,39,no,
00101458,euro-pallet,51,no,
00101459,euro-pallet,91,no,
00101460,rollcontainer,21,no,
00101461,euro-pallet,63,no,
00101462,euro-pallet,60,no,
00101463,rollcontainer,40,no,
00101464,rollcontainer,44,no,
00101465,euro-pallet,55,no,
00101466,rollcontainer,37,no,
00101467,rollcontainer,40,no,
00101468,rollcontainer,44,no,
00101469,rollcontainer,18,no,
00101470,euro-pallet,41,no,
00101471,euro-pallet,23,no,
00101472,rollcontainer,44,no,
00101473,euro-pallet,123,no,
00101474,euro-pallet,54,no,
00101475,rollcontainer,37,no,
00101476,rollcontainer,34,no,
00101477,euro-pallet,42,no,
00101478,rollcontainer,37,no,
00101479,rollcontainer,44,no,
00101480,rollcontainer,42,no,
00101481,rollcontainer,40,no,
00101482,rollcontainer,22,no,
00101483,euro-pallet,34,no,
00101484,rollcontainer,38,no,
00101485,euro-pallet,25,no,
00101486,rollcontainer,34,no,
00101487,euro-pallet,55,no,
00101488,rollcontainer,39,no,
00101489,rollcontainer,33,no,
00101490,euro-pallet,32,no,
00101491,rollcontainer,36,no,
00101492,rollcontainer,41,no,
00101493,rollcontainer,41,no,
00101494,rollcontainer,33,no,
00101495,rollcontainer,32,no,
00101496,rollcontainer,44,no,
00101497,euro-pallet,62,no,
00101498,rollcontainer,39,no,
00101499,euro-pallet,29,no,
00101500,euro-pallet,49,no,
00101501,euro-pallet,60,no,
00101502,euro-pallet,49,no,
00101503,rollcontainer,23,no,
00101504,rollcontainer,41,no,
00101505,euro-pallet,51,no,
00101506,rollcontainer,44,no,
00101507,euro-pallet,56,no,
00101508,euro-pallet,43,no,
00101509,rollcontainer,38,no,
00101510,euro-pallet,50,no,
00101511,rollcontainer,21,no,
00101512,euro-pallet,55,no,
00101513,euro-pallet,50,no,
00101514,euro-pallet,30,no,
00101515,rollcontainer,17,no,
00101516,euro-pallet,55,no,
00101517,euro-pallet,54,no,
00101518,rollcontainer,43,no,
00101519,rollcontainer,44,no,
00101520,rollcontainer,42,no,
00101521,rollcontainer,34,no,
00101522,euro-pallet,61,no,
00101523,rollcontainer,39,no,
00101524,euro-pallet,59,no,
00101525,rollcontainer,42,no,
00101526,euro-pallet,37,no,
00101527,euro-pallet,62,no,
00101528,rollcontainer,31,no,
00101529,euro-pallet,56,no,
00101530,rollcontainer,42,no,
00101531,rollcontainer,39,no,
00101532,rollcontainer,19,no,
00101533,euro-pallet,50,no,
00101534,euro-pallet,51,no,
00101535,euro-pallet,51,no,
00101536,rollcontainer,35,no,
00101537,euro-pallet,42,no,
00101538,rollcontainer,47,no,
00101539,rollcontainer,23,no,
00101540,rollcontainer,23,no,
00101541,rollcontainer,36,no,
00101542,rollcontainer,39,no,
00101543,rollcontainer,46,no,
00101544,euro-pallet,46,no,
00101545,euro-pallet,57,no,
00101546,rollcontainer,44,no,
00101547,rollcontainer,43,no,
00101548,euro-pallet,47,no,
00101549,euro-pallet,51,no,
00101550,rollcontainer,22,no,
00101551,rollcontainer,43,no,
00101552,rollcontainer,33,no,
00101553,rollcontainer,48,no,
00101554,euro-pallet,36,no,
00101555,rollcontainer,40,no,
00101556,rollcontainer,36,no,
00101557,rollcontainer,33,no,
00101558,rollcontainer,39,no,
00101559,rollcontainer,18,no,
00101560,rollcontainer,48,no,
00101561,euro-pallet,68,no,
00101562,euro-pallet,51,no,
00101563,euro-pallet,59,no,
00101564,euro-pallet,27,no,
00101565,rollcontainer,24,no,
00101566,rollcontainer,45,no,
00101567,euro-pallet,53,yes,bedbpp_order_00101567_euro-pallet.txt
00101568,euro-pallet,51,no,
00101569,rollcontainer,30,no,
00101570,rollcontainer,22,no,
00101571,euro-pallet,53,no,
00101572,euro-pallet,52,no,
00101573,euro-pallet,63,no,
00101574,rollcontainer,47,no,
00101575,rollcontainer,39,no,
00101576,rollcontainer,37,no,
00101577,rollcontainer,19,no,
00101578,euro-pallet,54,no,
00101579,euro-pallet,52,no,
00101580,euro-pallet,36,no,
00101581,rollcontainer,39,no,
00101582,rollcontainer,29,no,
00101583,euro-pallet,44,no,
00101584,rollcontainer,45,no,
00101585,rollcontainer,32,no,
00101586,rollcontainer,19,no,
00101587,euro-pallet,58,no,
00101588,rollcontainer,37,no,
00101589,euro-pallet,46,no,
00101590,euro-pallet,39,no,
00101591,rollcontainer,20,no,
00101592,rollcontainer,18,no,
00101593,rollcontainer,33,no,
00101594,rollcontainer,17,no,
00101595,rollcontainer,31,no,
00101596,euro-pallet,67,no,
00101597,rollcontainer,41,no,
00101598,rollcontainer,47,no,
00101599,rollcontainer,41,no,
00101600,rollcontainer,46,no,
00101601,euro-pallet,56,no,
00101602,euro-pallet,56,no,
00101603,euro-pallet,52,no,
00101604,euro-pallet,61,no,
00101605,rollcontainer,40,no,
00101606,rollcontainer,28,no,
00101607,rollcontainer,45,no,
00101608,rollcontainer,43,no,
00101609,rollcontainer,49,no,
00101610,euro-pallet,58,no,
00101611,rollcontainer,33,no,
00101612,rollcontainer,16,no,
00101613,rollcontainer,32,no,
00101614,rollcontainer,37,no,
00101615,rollcontainer,34,no,
00101616,rollcontainer,36,no,
00101617,euro-pallet,62,no,
00101618,euro-pallet,51,no,
00101619,euro-pallet,55,no,
00101620,euro-pallet,46,no,
00101621,rollcontainer,17,no,
00101622,euro-pallet,57,no,
00101623,rollcontainer,41,no,
00101624,rollcontainer,39,no,
00101625,rollcontainer,42,no,
00101626,rollcontainer,40,no,
00101627,rollcontainer,43,no,
00101628,rollcontainer,46,no,
00101629,rollcontainer,48,no,
00101630,rollcontainer,33,no,
00101631,rollcontainer,44,no,
00101632,rollcontainer,38,no,
00101633,rollcontainer,39,no,
00101634,euro-pallet,49,no,
00101635,euro-pallet,60,no,
00101636,rollcontainer,34,no,
00101637,euro-pallet,41,no,
00101638,euro-pallet,52,no,
00101639,euro-pallet,51,no,
00101640,rollcontainer,30,no,
00101641,euro-pallet,63,no,
00101642,euro-pallet,61,no,
00101643,rollcontainer,38,no,
00101644,euro-pallet,44,no,
00101645,euro-pallet,54,no,
00101646,euro-pallet,47,no,
00101647,rollcontainer,36,no,
00101648,euro-pallet,61,no,
00101649,rollcontainer,36,no,
00101650,euro-pallet,123,no,
00101651,rollcontainer,43,no,
00101652,rollcontainer,30,no,
00101653,euro-pallet,51,no,
00101654,euro-pallet,44,no,
00101655,euro-pallet,38,no,
00101656,rollcontainer,38,no,
00101657,rollcontainer,15,no,
00101658,euro-pallet,51,no,
00101659,euro-pallet,34,no,
00101660,rollcontainer,48,no,
00101661,euro-pallet,32,no,
00101662,euro-pallet,51,no,
00101663,rollcontainer,29,no,
00101664,euro-pallet,56,no,
00101665,rollcontainer,40,no,
00101666,rollcontainer,33,no,
00101667,rollcontainer,45,no,
00101668,rollcontainer,43,no,
00101669,euro-pallet,52,no,
00101670,rollcontainer,42,no,
00101671,rollcontainer,39,no,
00101672,euro-pallet,37,no,
00101673,euro-pallet,46,no,
00101674,rollcontainer,45,no,
00101675,euro-pallet,50,no,
00101676,rollcontainer,32,no,
00101677,rollcontainer,48,no,
00101678,rollcontainer,46,no,
00101679,euro-pallet,32,no,
00101680,euro-pallet,49,no,
00101681,rollcontainer,39,no,
00101682,euro-pallet,65,no,
00101683,rollcontainer,17,no,
00101684,euro-pallet,63,no,
00101685,euro-pallet,27,no,
00101686,euro-pallet,49,no,
00101687,euro-pallet,59,no,
00101688,rollcontainer,37,no,
00101689,rollcontainer,43,no,
00101690,euro-pallet,56,no,
00101691,euro-pallet,48,no,
00101692,rollcontainer,20,no,
00101693,euro-pallet,50,no,
00101694,euro-pallet,57,no,
00101695,euro-pallet,47,no,
00101696,rollcontainer,47,no,
00101697,rollcontainer,43,no,
00101698,rollcontainer,44,no,
00101699,rollcontainer,42,no,
00101700,rollcontainer,36,no,
00101701,rollcontainer,28,no,
00101702,rollcontainer,44,no,
00101703,euro-pallet,39,no,
00101704,euro-pallet,62,no,
00101705,rollcontainer,21,no,
00101706,rollcontainer,45,no,
00101707,rollcontainer,44,no,
00101708,rollcontainer,68,no,
00101709,rollcontainer,17,no,
00101710,euro-pallet,40,no,
00101711,rollcontainer,34,no,
00101712,euro-pallet,63,no,
00101713,euro-pallet,52,no,
00101714,rollcontainer,51,no,
00101715,euro-pallet,54,no,
00101716,euro-pallet,57,no,
00101717,rollcontainer,45,no,
00101718,rollcontainer,38,no,
00101719,rollcontainer,45,no,
00101720,rollcontainer,16,no,
00101721,rollcontainer,34,no,
00101722,rollcontainer,31,no,
00101723,euro-pallet,43,no,
00101724,rollcontainer,34,no,
00101725,rollcontainer,37,no,
00101726,rollcontainer,41,no,
00101727,rollcontainer,23,no,
00101728,euro-pallet,56,no,
00101729,rollcontainer,44,no,
00101730,euro-pallet,63,no,
00101731,rollcontainer,19,no,
00101732,euro-pallet,68,no,
00101733,euro-pallet,63,no,
00101734,euro-pallet,55,no,
00101735,rollcontainer,29,no,
00101736,euro-pallet,58,no,
00101737,rollcontainer,17,no,
00101738,rollcontainer,32,no,
00101739,rollcontainer,48,no,
00101740,euro-pallet,59,no,
00101741,euro-pallet,24,no,
00101742,euro-pallet,46,no,
00101743,rollcontainer,45,no,
00101744,euro-pallet,55,no,
00101745,rollcontainer,37,no,
00101746,rollcontainer,25,no,
00101747,rollcontainer,44,no,
00101748,euro-pallet,50,no,
00101749,rollcontainer,61,no,
00101750,rollcontainer,18,no,
00101751,euro-pallet,58,no,
00101752,euro-pallet,38,no,
00101753,euro-pallet,53,no,
00101754,rollcontainer,44,no,
00101755,euro-pallet,54,no,
00101756,euro-pallet,50,no,
00101757,euro-pallet,66,no,
00101758,rollcontainer,43,no,
00101759,rollcontainer,29,no,
00101760,rollcontainer,40,no,
00101761,euro-pallet,59,no,
00101762,rollcontainer,18,no,
00101763,rollcontainer,30,no,
00101764,rollcontainer,37,no,
00101765,euro-pallet,56,no,
00101766,rollcontainer,29,no,
00101767,rollcontainer,44,no,
00101768,euro-pallet,54,no,
00101769,rollcontainer,42,no,
00101770,euro-pallet,57,no,
00101771,euro-pallet,39,no,
00101772,rollcontainer,43,no,
00101773,rollcontainer,39,no,
00101774,euro-pallet,56,no,
00101775,euro-pallet,53,no,
00101776,euro-pallet,107,no,
00101777,rollcontainer,30,no,
00101778,euro-pallet,64,no,
00101779,euro-pallet,45,no,
00101780,euro-pallet,54,no,
00101781,euro-pallet,46,no,
00101782,euro-pallet,50,no,
00101783,rollcontainer,33,no,
00101784,euro-pallet,44,no,
00101785,euro-pallet,55,no,
00101786,rollcontainer,46,no,
00101787,rollcontainer,16,no,
00101788,euro-pallet,57,no,
00101789,rollcontainer,48,no,
00101790,euro-pallet,55,no,
00101791,euro-pallet,63,no,
00101792,euro-pallet,63,no,
00101793,rollcontainer,21,no,
00101794,rollcontainer,44,no,
00101795,euro-pallet,50,no,
00101796,rollcontainer,34,no,
00101797,rollcontainer,44,no,
00101798,rollcontainer,32,no,
00101799,euro-pallet,58,no,
00101800,rollcontainer,40,no,
00101801,euro-pallet,66,no,
00101802,euro-pallet,47,no,
00101803,rollcontainer,16,no,
00101804,euro-pallet,50,no,
00101805,rollcontainer,31,no,
00101806,rollcontainer,18,no,
00101807,rollcontainer,22,no,
00101808,euro-pallet,54,no,
00101809,rollcontainer,46,no,
00101810,rollcontainer,62,no,
00101811,euro-pallet,48,no,
00101812,rollcontainer,19,no,
00101813,rollcontainer,37,no,
00101814,euro-pallet,58,no,
00101815,rollcontainer,44,no,
00101816,rollcontainer,43,no,
00101817,rollcontainer,44,no,
00101818,euro-pallet,61,no,
00101819,euro-pallet,54,no,
00101820,rollcontainer,51,no,
00101821,rollcontainer,42,no,
00101822,euro-pallet,33,no,
00101823,rollcontainer,39,no,
00101824,euro-pallet,54,no,
00101825,euro-pallet,47,no,
00101826,euro-pallet,33,no,
00101827,rollcontainer,37,no,
00101828,euro-pallet,54,no,
00101829,euro-pallet,36,no,
00101830,euro-pallet,56,no,
00101831,euro-pallet,55,no,
00101832,rollcontainer,33,no,
00101833,euro-pallet,57,no,
00101834,rollcontainer,37,no,
00101835,rollcontainer,32,no,
00101836,euro-pallet,51,no,
00101837,rollcontainer,39,no,
00101838,rollcontainer,19,no,
00101839,rollcontainer,37,no,
00101840,rollcontainer,42,no,
00101841,euro-pallet,57,no,
00101842,rollcontainer,22,no,
00101843,euro-pallet,41,no,
00101844,rollcontainer,44,no,
00101845,euro-pallet,56,no,
00101846,euro-pallet,55,no,
00101847,rollcontainer,42,no,
00101848,rollcontainer,46,no,
00101849,rollcontainer,39,no,
00101850,euro-pallet,55,no,
00101851,rollcontainer,40,no,
00101852,euro-pallet,52,no,
00101853,euro-pallet,48,no,
00101854,euro-pallet,39,no,
00101855,euro-pallet,43,no,
00101856,rollcontainer,45,no,
00101857,rollcontainer,49,no,
00101858,euro-pallet,54,no,
00101859,rollcontainer,53,no,
00101860,euro-pallet,66,no,
00101861,euro-pallet,59,no,
00101862,rollcontainer,33,no,
00101863,rollcontainer,49,no,
00101864,rollcontainer,48,no,
00101865,rollcontainer,44,no,
00101866,rollcontainer,20,no,
00101867,rollcontainer,59,no,
00101868,rollcontainer,40,no,
00101869,rollcontainer,44,no,
00101870,euro-pallet,59,no,
00101871,euro-pallet,44,no,
00101872,euro-pallet,49,no,
00101873,rollcontainer,32,no,
00101874,euro-pallet,56,no,
00101875,rollcontainer,22,no,
00101876,rollcontainer,44,no,
00101877,euro-pallet,60,no,
00101878,rollcontainer,35,no,
00101879,rollcontainer,40,no,
00101880,rollcontainer,44,no,
00101881,rollcontainer,47,no,
00101882,euro-pallet,45,no,
00101883,euro-pallet,54,no,
00101884,rollcontainer,37,no,
00101885,euro-pallet,59,no,
00101886,rollcontainer,45,no,
00101887,rollcontainer,21,no,
00101888,euro-pallet,49,no,
00101889,euro-pallet,61,no,
00101890,euro-pallet,67,no,
00101891,rollcontainer,43,no,
00101892,euro-pallet,30,no,
00101893,rollcontainer,37,no,
00101894,euro-pallet,60,no,
00101895,rollcontainer,26,no,
00101896,euro-pallet,54,no,
00101897,rollcontainer,42,no,
00101898,euro-pallet,40,no,
00101899,euro-pallet,94,no,
00101900,rollcontainer,38,no,
00101901,euro-pallet,50,no,
00101902,rollcontainer,21,no,
00101903,rollcontainer,49,no,
00101904,euro-pallet,46,no,
00101905,euro-pallet,70,no,
00101906,euro-pallet,59,no,
00101907,rollcontainer,36,no,
00101908,rollcontainer,48,no,
00101909,euro-pallet,51,no,
00101910,rollcontainer,43,no,
00101911,rollcontainer,16,no,
00101912,euro-pallet,62,no,
00101913,euro-pallet,50,no,
00101914,euro-pallet,49,no,
00101915,rollcontainer,26,no,
00101916,rollcontainer,35,no,
00101917,euro-pallet,57,no,
00101918,rollcontainer,42,no,
00101919,rollcontainer,17,no,
00101920,rollcontainer,22,no,
00101921,rollcontainer,44,no,
00101922,euro-pallet,37,no,
00101923,rollcontainer,18,no,
00101924,rollcontainer,36,no,
00101925,euro-pallet,61,no,
00101926,euro-pallet,43,no,
00101927,rollcontainer,34,no,
00101928,rollcontainer,45,no,
00101929,euro-pallet,44,no,
00101930,rollcontainer,21,no,
00101931,rollcontainer,44,no,
00101932,rollcontainer,33,no,
00101933,rollcontainer,37,no,
00101934,rollcontainer,17,no,
00101935,euro-pallet,49,no,
00101936,euro-pallet,43,no,
00101937,rollcontainer,43,no,
00101938,rollcontainer,36,no,
00101939,euro-pallet,46,no,
00101940,euro-pallet,50,no,
00101941,rollcontainer,18,no,
00101942,rollcontainer,48,no,
00101943,euro-pallet,48,no,
00101944,euro-pallet,57,no,
00101945,rollcontainer,37,no,
00101946,rollcontainer,34,no,
00101947,rollcontainer,37,no,
00101948,rollcontainer,41,no,
00101949,rollcontainer,29,no,
00101950,euro-pallet,44,no,
00101951,rollcontainer,43,no,
00101952,rollcontainer,32,no,
00101953,rollcontainer,32,no,
00101954,euro-pallet,37,no,
00101955,rollcontainer,19,no,
00101956,euro-pallet,47,no,
00101957,rollcontainer,34,no,
00101958,rollcontainer,36,no,
00101959,euro-pallet,33,no,
00101960,euro-pallet,46,no,
00101961,euro-pallet,55,no,
00101962,rollcontainer,45,no,
00101963,euro-pallet,44,no,
00101964,rollcontainer,42,no,
00101965,rollcontainer,39,no,
00101966,rollcontainer,33,no,
00101967,euro-pallet,55,no,
00101968,euro-pallet,68,no,
00101969,rollcontainer,38,no,
00101970,euro-pallet,35,no,
00101971,rollcontainer,48,no,
00101972,rollcontainer,39,no,
00101973,euro-pallet,47,no,
00101974,rollcontainer,69,no,
00101975,euro-pallet,51,no,
00101976,rollcontainer,21,no,
00101977,rollcontainer,15,no,
00101978,euro-pallet,53,no,
00101979,rollcontainer,37,no,
00101980,rollcontainer,51,no,
00101981,rollcontainer,35,no,
00101982,euro-pallet,31,no,
00101983,euro-pallet,37,no,
00101984,euro-pallet,49,no,
00101985,rollcontainer,32,no,
00101986,euro-pallet,33,no,
00101987,rollcontainer,43,no,
00101988,rollcontainer,32,no,
00101989,rollcontainer,26,no,
00101990,rollcontainer,29,no,
00101991,rollcontainer,43,no,
00101992,euro-pallet,53,no,
00101993,euro-pallet,32,no,
00101994,rollcontainer,34,no,
00101995,euro-pallet,43,no,
00101996,rollcontainer,21,no,
00101997,euro-pallet,48,no,
00101998,euro-pallet,54,no,
00101999,rollcontainer,35,no,
00102000,rollcontainer,24,no,
00102001,rollcontainer,38,no,
00102002,euro-pallet,68,no,
00102003,rollcontainer,39,no,
00102004,rollcontainer,23,no,
00102005,rollcontainer,47,no,
00102006,rollcontainer,38,no,
00102007,euro-pallet,55,no,
00102008,euro-pallet,99,no,
00102009,rollcontainer,17,no,
00102010,rollcontainer,44,no,
00102011,rollcontainer,21,no,
00102012,euro-pallet,43,no,
00102013,euro-pallet,41,no,
00102014,euro-pallet,35,no,
00102015,rollcontainer,36,no,
00102016,euro-pallet,49,no,
00102017,rollcontainer,35,no,
00102018,rollcontainer,18,no,
00102019,euro-pallet,55,no,
00102020,rollcontainer,43,no,
00102021,euro-pallet,62,no,
00102022,euro-pallet,52,no,
00102023,euro-pallet,32,no,
00102024,rollcontainer,35,no,
00102025,rollcontainer,39,no,
00102026,rollcontainer,20,no,
00102027,euro-pallet,57,no,
00102028,rollcontainer,23,no,
00102029,rollcontainer,43,no,
00102030,rollcontainer,19,no,
00102031,rollcontainer,31,no,
00102032,euro-pallet,60,no,
00102033,rollcontainer,45,no,
00102034,euro-pallet,54,no,
00102035,rollcontainer,29,no,
00102036,rollcontainer,29,no,
00102037,euro-pallet,44,no,
00102038,euro-pallet,57,no,
00102039,euro-pallet,51,no,
00102040,rollcontainer,29,no,
00102041,rollcontainer,32,no,
00102042,euro-pallet,56,no,
00102043,rollcontainer,17,no,
00102044,euro-pallet,65,no,
00102045,rollcontainer,41,no,
00102046,rollcontainer,42,no,
00102047,euro-pallet,63,no,
00102048,euro-pallet,45,no,
00102049,rollcontainer,43,no,
00102050,euro-pallet,51,no,
00102051,euro-pallet,44,no,
00102052,euro-pallet,43,no,
00102053,euro-pallet,54,no,
00102054,rollcontainer,17,no,
00102055,euro-pallet,51,no,
00102056,euro-pallet,60,no,
00102057,rollcontainer,31,no,
00102058,rollcontainer,43,no,
00102059,rollcontainer,31,no,
00102060,rollcontainer,43,no,
00102061,euro-pallet,36,no,
00102062,euro-pallet,43,no,
00102063,euro-pallet,43,no,
00102064,rollcontainer,43,no,
00102065,euro-pallet,42,no,
00102066,rollcontainer,48,no,
00102067,rollcontainer,17,no,
00102068,euro-pallet,43,no,
00102069,euro-pallet,44,no,
00102070,rollcontainer,44,no,
00102071,euro-pallet,46,no,
00102072,rollcontainer,45,no,
00102073,euro-pallet,56,no,
00102074,rollcontainer,29,no,
00102075,euro-pallet,75,no,
00102076,euro-pallet,60,no,
00102077,rollcontainer,18,no,
00102078,euro-pallet,44,no,
00102079,euro-pallet,26,no,
00102080,rollcontainer,39,no,
00102081,euro-pallet,64,no,
00102082,rollcontainer,44,no,
00102083,euro-pallet,52,no,
00102084,euro-pallet,43,no,
00102085,rollcontainer,23,no,
00102086,rollcontainer,32,no,
00102087,rollcontainer,60,no,
00102088,euro-pallet,44,no,
00102089,rollcontainer,47,no,
00102090,rollcontainer,45,no,
00102091,rollcontainer,34,no,
00102092,rollcontainer,20,no,
00102093,rollcontainer,15,no,
00102094,euro-pallet,55,no,
00102095,euro-pallet,28,no,
00102096,euro-pallet,42,no,
00102097,rollcontainer,21,no,
00102098,rollcontainer,46,no,
00102099,rollcontainer,41,no,
00102100,euro-pallet,54,no,
00102101,rollcontainer,37,no,
00102102,euro-pallet,24,no,
00102103,euro-pallet,30,no,
00102104,rollcontainer,55,no,
00102105,rollcontainer,45,no,
00102106,rollcontainer,44,no,
00102107,rollcontainer,37,no,
00102108,rollcontainer,22,no,
00102109,euro-pallet,61,no,
00102110,euro-pallet,60,no,
00102111,euro-pallet,57,no,
00102112,euro-pallet,54,no,
00102113,rollcontainer,43,no,
00102114,rollcontainer,44,no,
00102115,rollcontainer,38,no,
00102116,euro-pallet,31,no,
00102117,euro-pallet,28,no,
00102118,euro-pallet,57,no,
00102119,euro-pallet,59,no,
00102120,rollcontainer,38,no,
00102121,euro-pallet,48,no,
00102122,rollcontainer,34,no,
00102123,euro-pallet,54,no,
00102124,euro-pallet,58,no,
00102125,euro-pallet,58,no,
00102126,rollcontainer,39,no,
00102127,rollcontainer,40,no,
00102128,rollcontainer,18,no,
00102129,rollcontainer,44,no,
00102130,rollcontainer,48,no,
00102131,euro-pallet,46,no,
00102132,rollcontainer,26,no,
00102133,euro-pallet,44,no,
00102134,rollcontainer,26,no,
00102135,rollcontainer,34,no,
00102136,rollcontainer,80,no,
00102137,euro-pallet,45,no,
00102138,rollcontainer,33,no,
00102139,euro-pallet,44,no,
00102140,rollcontainer,48,no,
00102141,rollcontainer,19,no,
00102142,rollcontainer,17,no,
00102143,rollcontainer,44,no,
00102144,euro-pallet,53,no,
00102145,euro-pallet,35,no,
00102146,euro-pallet,51,no,
00102147,rollcontainer,27,no,
00102148,rollcontainer,48,no,
00102149,euro-pallet,50,no,
00102150,euro-pallet,38,no,
00102151,euro-pallet,42,no,
00102152,rollcontainer,41,no,
00102153,euro-pallet,52,no,
00102154,euro-pallet,44,no,
00102155,euro-pallet,44,no,
00102156,euro-pallet,52,no,
00102157,rollcontainer,43,no,
00102158,rollcontainer,43,no,
00102159,euro-pallet,38,no,
00102160,rollcontainer,18,no,
00102161,euro-pallet,52,no,
00102162,rollcontainer,45,no,
00102163,euro-pallet,35,no,
00102164,euro-pallet,54,no,
00102165,euro-pallet,109,no,
00102166,euro-pallet,48,no,
00102167,rollcontainer,44,no,
00102168,euro-pallet,39,no,
00102169,euro-pallet,51,no,
00102170,euro-pallet,34,no,
00102171,euro-pallet,45,no,
00102172,rollcontainer,46,no,
00102173,rollcontainer,51,no,
00102174,rollcontainer,18,no,
00102175,euro-pallet,36,no,
00102176,rollcontainer,40,no,
00102177,euro-pallet,50,no,
00102178,rollcontainer,37,no,
00102179,rollcontainer,42,no,
00102180,rollcontainer,49,no,
00102181,rollcontainer,43,no,
00102182,rollcontainer,37,no,
00102183,rollcontainer,26,no,
00102184,euro-pallet,54,no,
00102185,rollcontainer,48,no,
00102186,rollcontainer,36,no,
00102187,rollcontainer,19,no,
00102188,rollcontainer,18,no,
00102189,rollcontainer,34,no,
00102190,euro-pallet,54,no,
00102191,euro-pallet,36,no,
00102192,euro-pallet,42,no,
00102193,rollcontainer,34,no,
00102194,euro-pallet,65,no,
00102195,rollcontainer,40,no,
00102196,rollcontainer,44,no,
00102197,euro-pallet,47,no,
00102198,euro-pallet,35,no,
00102199,rollcontainer,34,no,
00102200,rollcontainer,47,no,
00102201,euro-pallet,46,no,
00102202,rollcontainer,19,no,
00102203,rollcontainer,22,no,
00102204,rollcontainer,36,no,
00102205,rollcontainer,53,no,
00102206,rollcontainer,37,no,
00102207,euro-pallet,65,no,
00102208,euro-pallet,51,no,
00102209,rollcontainer,38,no,
00102210,euro-pallet,24,no,
00102211,rollcontainer,34,no,
00102212,euro-pallet,37,no,
00102213,rollcontainer,34,no,
00102214,rollcontainer,43,no,
00102215,euro-pallet,63,no,
00102216,euro-pallet,35,no,
00102217,euro-pallet,98,no,
00102218,euro-pallet,58,no,
00102219,rollcontainer,49,no,
00102220,euro-pallet,42,no,
00102221,rollcontainer,44,no,
00102222,euro-pallet,61,no,
00102223,euro-pallet,49,no,
00102224,euro-pallet,44,no,
00102225,euro-pallet,49,no,
00102226,rollcontainer,22,no,
00102227,euro-pallet,38,no,
00102228,rollcontainer,34,no,
00102229,rollcontainer,38,no,
00102230,rollcontainer,16,no,
00102231,euro-pallet,58,no,
00102232,rollcontainer,28,no,
00102233,euro-pallet,52,no,
00102234,euro-pallet,50,no,
00102235,rollcontainer,48,no,
00102236,euro-pallet,57,no,
00102237,euro-pallet,56,no,
00102238,rollcontainer,41,no,
00102239,euro-pallet,46,no,
00102240,rollcontainer,43,no,
00102241,rollcontainer,37,no,
00102242,euro-pallet,33,no,
00102243,rollcontainer,37,no,
00102244,rollcontainer,46,no,
00102245,rollcontainer,44,no,
00102246,euro-pallet,30,no,
00102247,euro-pallet,62,no,
00102248,euro-pallet,103,no,
00102249,euro-pallet,60,no,
00102250,euro-pallet,62,no,
00102251,euro-pallet,57,no,
00102252,rollcontainer,41,no,
00102253,euro-pallet,38,no,
00102254,rollcontainer,46,no,
00102255,euro-pallet,63,no,
00102256,rollcontainer,46,no,
00102257,rollcontainer,34,no,
00102258,euro-pallet,95,no,
00102259,rollcontainer,44,no,
00102260,euro-pallet,52,no,
00102261,rollcontainer,32,no,
00102262,rollcontainer,25,no,
00102263,rollcontainer,17,no,
00102264,rollcontainer,46,no,
00102265,rollcontainer,48,no,
00102266,euro-pallet,54,no,
00102267,euro-pallet,57,no,
00102268,rollcontainer,47,no,
00102269,euro-pallet,31,no,
00102270,euro-pallet,43,no,
00102271,rollcontainer,42,no,
00102272,euro-pallet,33,no,
00102273,rollcontainer,49,no,
00102274,euro-pallet,57,no,
00102275,euro-pallet,52,no,
00102276,rollcontainer,17,no,
00102277,euro-pallet,49,no,
00102278,rollcontainer,48,no,
00102279,rollcontainer,42,no,
00102280,euro-pallet,65,no,
00102281,rollcontainer,50,no,
00102282,euro-pallet,34,no,
00102283,rollcontainer,38,no,
00102284,euro-pallet,41,no,
00102285,euro-pallet,58,no,
00102286,euro-pallet,52,no,
00102287,rollcontainer,40,no,
00102288,rollcontainer,17,no,
00102289,rollcontainer,34,no,
00102290,euro-pallet,66,no,
00102291,euro-pallet,63,no,
00102292,euro-pallet,60,no,
00102293,rollcontainer,41,no,
00102294,rollcontainer,32,no,
00102295,euro-pallet,36,no,
00102296,euro-pallet,93,no,
00102297,euro-pallet,49,no,
00102298,euro-pallet,54,no,
00102299,rollcontainer,18,no,
00102300,euro-pallet,49,no,
00102301,euro-pallet,49,no,
00102302,euro-pallet,43,no,
00102303,euro-pallet,62,no,
00102304,rollcontainer,39,no,
00102305,euro-pallet,44,no,
00102306,rollcontainer,42,no,
00102307,rollcontainer,16,no,
00102308,rollcontainer,39,no,
00102309,euro-pallet,39,no,
00102310,rollcontainer,33,no,
00102311,rollcontainer,19,no,
00102312,euro-pallet,27,no,
00102313,rollcontainer,36,no,
00102314,rollcontainer,37,no,
00102315,rollcontainer,41,no,
00102316,rollcontainer,41,no,
00102317,rollcontainer,34,no,
00102318,euro-pallet,46,no,
00102319,rollcontainer,46,no,
00102320,euro-pallet,57,no,
00102321,rollcontainer,44,no,
00102322,euro-pallet,54,no,
00102323,rollcontainer,41,no,
00102324,rollcontainer,37,no,
00102325,euro-pallet,53,no,
00102326,rollcontainer,44,no,
00102327,rollcontainer,40,no,
00102328,euro-pallet,77,no,
00102329,euro-pallet,44,no,
00102330,rollcontainer,40,no,
00102331,rollcontainer,23,no,
00102332,rollcontainer,44,no,
00102333,euro-pallet,52,no,
00102334,euro-pallet,29,no,
00102335,rollcontainer,17,no,
00102336,rollcontainer,17,no,
00102337,rollcontainer,47,no,
00102338,rollcontainer,45,no,
00102339,rollcontainer,38,no,
00102340,euro-pallet,36,no,
00102341,euro-pallet,66,no,
00102342,rollcontainer,39,no,
00102343,euro-pallet,116,no,
00102344,euro-pallet,58,no,
00102345,rollcontainer,33,no,
00102346,euro-pallet,47,no,
00102347,euro-pallet,63,no,
00102348,rollcontainer,43,no,
00102349,euro-pallet,33,no,
00102350,rollcontainer,18,no,
00102351,rollcontainer,19,no,
00102352,rollcontainer,33,no,
00102353,euro-pallet,66,no,
00102354,euro-pallet,42,no,
00102355,rollcontainer,39,no,
00102356,euro-pallet,58,no,
00102357,euro-pallet,84,no,
00102358,euro-pallet,58,no,
00102359,rollcontainer,33,no,
00102360,euro-pallet,53,no,
00102361,rollcontainer,39,no,
00102362,euro-pallet,57,no,
00102363,euro-pallet,50,no,
00102364,rollcontainer,32,no,
00102365,euro-pallet,51,no,
00102366,euro-pallet,36,no,
00102367,euro-pallet,45,no,
00102368,rollcontainer,63,no,
00102369,euro-pallet,66,no,
00102370,rollcontainer,37,no,
00102371,euro-pallet,58,no,
00102372,euro-pallet,39,no,
00102373,rollcontainer,39,no,
00102374,euro-pallet,50,no,
00102375,rollcontainer,20,no,
00102376,rollcontainer,47,no,
00102377,rollcontainer,36,no,
00102378,euro-pallet,58,no,
00102379,euro-pallet,50,no,
00102380,euro-pallet,56,no,
00102381,euro-pallet,45,no,
00102382,rollcontainer,47,no,
00102383,euro-pallet,84,no,
00102384,rollcontainer,42,no,
00102385,rollcontainer,43,no,
00102386,euro-pallet,68,no,
00102387,euro-pallet,54,no,
00102388,rollcontainer,44,no,
00102389,rollcontainer,35,no,
00102390,euro-pallet,105,no,
00102391,euro-pallet,50,no,
00102392,rollcontainer,17,no,
00102393,euro-pallet,38,no,
00102394,rollcontainer,29,no,
00102395,rollcontainer,36,no,
00102396,euro-pallet,47,no,
00102397,rollcontainer,46,no,
00102398,rollcontainer,18,no,
00102399,rollcontainer,53,no,
00102400,euro-pallet,54,no,
00102401,rollcontainer,38,no,
00102402,rollcontainer,42,no,
00102403,euro-pallet,46,no,
00102404,rollcontainer,46,no,
00102405,rollcontainer,43,no,
00102406,euro-pallet,56,no,
00102407,rollcontainer,46,no,
00102408,euro-pallet,78,no,
00102409,rollcontainer,33,no,
00102410,rollcontainer,39,no,
00102411,rollcontainer,38,no,
00102412,euro-pallet,35,no,
00102413,euro-pallet,54,no,
00102414,rollcontainer,43,no,
00102415,euro-pallet,55,no,
00102416,euro-pallet,53,no,
00102417,euro-pallet,38,no,
00102418,euro-pallet,44,no,
00102419,euro-pallet,55,no,
00102420,rollcontainer,22,no,
00102421,rollcontainer,35,no,
00102422,rollcontainer,42,no,
00102423,euro-pallet,60,no,
00102424,rollcontainer,67,no,
00102425,euro-pallet,50,no,
00102426,rollcontainer,36,no,
00102427,rollcontainer,46,no,
00102428,euro-pallet,34,no,
00102429,rollcontainer,47,no,
00102430,rollcontainer,47,no,
00102431,rollcontainer,26,no,
00102432,rollcontainer,66,no,
00102433,rollcontainer,49,no,
00102434,rollcontainer,19,no,
00102435,euro-pallet,60,no,
00102436,rollcontainer,26,no,
00102437,euro-pallet,62,no,
00102438,rollcontainer,43,no,
00102439,rollcontainer,66,no,
00102440,rollcontainer,41,no,
00102441,euro-pallet,66,no,
00102442,euro-pallet,58,no,
00102443,euro-pallet,49,no,
00102444,rollcontainer,38,no,
00102445,rollcontainer,32,no,
00102446,rollcontainer,44,no,
00102447,euro-pallet,55,no,
00102448,rollcontainer,32,no,
00102449,euro-pallet,53,no,
00102450,rollcontainer,21,no,
00102451,rollcontainer,38,no,
00102452,rollcontainer,24,no,
00102453,rollcontainer,36,no,
00102454,rollcontainer,40,no,
00102455,rollcontainer,32,no,
00102456,euro-pallet,55,no,
00102457,euro-pallet,50,no,
00102458,rollcontainer,40,no,
00102459,euro-pallet,50,no,
00102460,euro-pallet,39,no,
00102461,rollcontainer,40,no,
00102462,rollcontainer,42,no,
00102463,euro-pallet,50,no,
00102464,rollcontainer,52,no,
00102465,euro-pallet,56,no,
00102466,euro-pallet,58,no,
00102467,euro-pallet,39,no,
00102468,rollcontainer,41,no,
00102469,euro-pallet,48,no,
00102470,rollcontainer,21,no,
00102471,euro-pallet,57,no,
00102472,rollcontainer,42,no,
00102473,rollcontainer,46,no,
00102474,rollcontainer,48,no,
00102475,euro-pallet,65,no,
00102476,euro-pallet,44,no,
00102477,euro-pallet,36,no,
00102478,rollcontainer,33,no,
00102479,rollcontainer,44,no,
00102480,euro-pallet,28,no,
00102481,euro-pallet,68,no,
00102482,rollcontainer,48,no,
00102483,rollcontainer,67,no,
00102484,rollcontainer,33,no,
00102485,rollcontainer,46,no,
00102486,rollcontainer,35,no,
00102487,rollcontainer,47,no,
00102488,rollcontainer,46,no,
00102489,euro-pallet,41,no,
00102490,euro-pallet,50,no,
00102491,euro-pallet,70,no,
00102492,euro-pallet,48,no,
00102493,rollcontainer,44,no,
00102494,euro-pallet,36,no,
00102495,euro-pallet,57,no,
00102496,euro-pallet,63,no,
00102497,rollcontainer,31,no,
00102498,euro-pallet,39,no,
00102499,euro-pallet,61,no,
00102500,euro-pallet,62,no,
00102501,rollcontainer,42,no,
00102502,rollcontainer,41,no,
00102503,euro-pallet,52,no,
00102504,euro-pallet,57,no,
00102505,rollcontainer,47,no,
00102506,euro-pallet,50,no,
00102507,euro-pallet,64,no,
00102508,rollcontainer,38,no,
00102509,rollcontainer,19,no,
00102510,euro-pallet,56,no,
00102511,rollcontainer,43,no,
00102512,rollcontainer,42,no,
00102513,rollcontainer,26,no,
00102514,rollcontainer,33,no,
00102515,rollcontainer,20,no,
00102516,euro-pallet,62,no,
00102517,euro-pallet,40,no,
00102518,rollcontainer,44,no,
00102519,euro-pallet,50,no,
00102520,euro-pallet,39,no,
00102521,rollcontainer,16,no,
00102522,euro-pallet,54,no,
00102523,rollcontainer,47,no,
00102524,rollcontainer,29,no,
00102525,euro-pallet,58,no,
00102526,euro-pallet,48,no,
00102527,rollcontainer,43,no,
00102528,rollcontainer,45,no,
00102529,rollcontainer,44,no,
00102530,euro-pallet,61,no,
00102531,euro-pallet,30,no,
00102532,rollcontainer,32,no,
00102533,euro-pallet,31,no,
00102534,rollcontainer,17,no,
00102535,rollcontainer,17,no,
00102536,euro-pallet,41,no,
00102537,rollcontainer,41,no,
00102538,euro-pallet,50,no,
00102539,rollcontainer,35,no,
00102540,euro-pallet,69,no,
00102541,rollcontainer,18,no,
00102542,rollcontainer,36,no,
00102543,rollcontainer,19,no,
00102544,rollcontainer,40,no,
00102545,euro-pallet,44,no,
00102546,rollcontainer,46,no,
00102547,rollcontainer,45,no,
00102548,rollcontainer,38,no,
00102549,euro-pallet,61,no,
00102550,euro-pallet,56,no,
00102551,rollcontainer,35,no,
00102552,rollcontainer,18,no,
00102553,euro-pallet,63,no,
00102554,rollcontainer,35,no,
00102555,rollcontainer,40,no,
00102556,rollcontainer,45,no,
00102557,rollcontainer,71,no,
00102558,rollcontainer,22,no,
00102559,rollcontainer,15,no,
00102560,euro-pallet,44,no,
00102561,rollcontainer,31,no,
00102562,rollcontainer,37,no,
00102563,rollcontainer,35,no,
00102564,euro-pallet,56,no,
00102565,rollcontainer,16,no,
00102566,euro-pallet,55,no,
00102567,euro-pallet,60,no,
00102568,euro-pallet,40,no,
00102569,rollcontainer,36,no,
00102570,rollcontainer,47,no,
00102571,euro-pallet,44,no,
00102572,rollcontainer,39,no,
00102573,euro-pallet,56,no,
00102574,rollcontainer,43,no,
00102575,euro-pallet,59,no,
00102576,rollcontainer,43,no,
00102577,euro-pallet,57,no,
00102578,rollcontainer,36,no,
00102579,euro-pallet,47,no,
00102580,euro-pallet,30,no,
00102581,rollcontainer,44,no,
00102582,rollcontainer,36,no,
00102583,rollcontainer,36,no,
00102584,rollcontainer,43,no,
00102585,rollcontainer,25,no,
00102586,rollcontainer,43,no,
00102587,euro-pallet,50,no,
00102588,rollcontainer,44,no,
00102589,rollcontainer,28,no,
00102590,rollcontainer,15,no,
00102591,euro-pallet,67,no,
00102592,rollcontainer,51,no,
00102593,rollcontainer,34,no,
00102594,rollcontainer,34,no,
00102595,rollcontainer,17,no,
00102596,rollcontainer,20,no,
00102597,euro-pallet,61,no,
00102598,rollcontainer,22,no,
00102599,rollcontainer,42,no,
00102600,rollcontainer,22,no,
00102601,euro-pallet,58,no,
00102602,euro-pallet,46,no,
00102603,rollcontainer,44,no,
00102604,euro-pallet,43,no,
00102605,rollcontainer,29,no,
00102606,euro-pallet,54,no,
00102607,euro-pallet,41,no,
00102608,rollcontainer,49,no,
00102609,rollcontainer,40,no,
00102610,rollcontainer,19,no,
00102611,rollcontainer,40,no,
00102612,euro-pallet,55,no,
00102613,euro-pallet,62,no,
00102614,euro-pallet,54,no,
00102615,euro-pallet,54,no,
00102616,rollcontainer,23,no,
00102617,rollcontainer,31,no,
00102618,rollcontainer,38,no,
00102619,euro-pallet,39,no,
00102620,rollcontainer,34,no,
00102621,euro-pallet,33,no,
00102622,rollcontainer,40,no,
00102623,rollcontainer,34,no,
00102624,rollcontainer,34,no,
00102625,rollcontainer,39,no,
00102626,euro-pallet,58,no,
00102627,rollcontainer,44,no,
00102628,euro-pallet,60,no,
00102629,euro-pallet,56,no,
00102630,rollcontainer,34,no,
00102631,euro-pallet,43,no,
00102632,rollcontainer,18,no,
00102633,euro-pallet,91,no,
00102634,rollcontainer,36,no,
00102635,rollcontainer,39,no,
00102636,euro-pallet,54,no,
00102637,rollcontainer,36,no,
00102638,rollcontainer,19,no,
00102639,euro-pallet,64,no,
00102640,rollcontainer,37,no,
00102641,rollcontainer,38,no,
00102642,rollcontainer,46,no,
00102643,rollcontainer,43,no,
00102644,rollcontainer,35,no,
00102645,rollcontainer,68,no,
00102646,rollcontainer,34,no,
00102647,rollcontainer,43,no,
00102648,rollcontainer,33,no,
00102649,rollcontainer,29,no,
00102650,rollcontainer,45,no,
00102651,rollcontainer,25,no,
00102652,rollcontainer,43,no,
00102653,rollcontainer,37,no,
00102654,euro-pallet,57,no,
00102655,rollcontainer,72,no,
00102656,euro-pallet,35,no,
00102657,euro-pallet,55,no,
00102658,rollcontainer,24,no,
00102659,rollcontainer,33,no,
00102660,euro-pallet,45,no,
00102661,rollcontainer,39,no,
00102662,euro-pallet,55,no,
00102663,euro-pallet,44,no,
00102664,rollcontainer,22,no,
00102665,euro-pallet,50,no,
00102666,euro-pallet,37,no,
00102667,rollcontainer,47,no,
00102668,euro-pallet,50,no,
00102669,euro-pallet,48,no,
00102670,euro-pallet,68,no,
00102671,rollcontainer,26,no,
00102672,euro-pallet,45,no,
00102673,euro-pallet,52,no,
00102674,rollcontainer,35,no,
00102675,euro-pallet,43,no,
00102676,rollcontainer,28,no,
00102677,rollcontainer,47,no,
00102678,euro-pallet,58,no,
00102679,rollcontainer,45,no,
00102680,rollcontainer,17,no,
00102681,rollcontainer,41,no,
00102682,rollcontainer,45,no,
00102683,euro-pallet,29,no,
00102684,rollcontainer,44,no,
00102685,rollcontainer,41,no,
00102686,euro-pallet,39,no,
00102687,rollcontainer,40,no,
00102688,euro-pallet,58,no,
00102689,euro-pallet,53,no,
00102690,rollcontainer,34,no,
00102691,euro-pallet,56,no,
00102692,euro-pallet,58,no,
00102693,rollcontainer,19,no,
00102694,euro-pallet,59,no,
00102695,rollcontainer,49,no,
00102696,rollcontainer,35,no,
00102697,euro-pallet,71,no,
00102698,euro-pallet,36,no,
00102699,euro-pallet,57,no,
00102700,euro-pallet,42,no,
00102701,euro-pallet,58,no,
00102702,rollcontainer,18,no,
00102703,rollcontainer,25,no,
00102704,euro-pallet,30,no,
00102705,euro-pallet,49,no,
00102706,rollcontainer,40,no,
00102707,euro-pallet,50,no,
00102708,rollcontainer,29,no,
00102709,euro-pallet,43,no,
00102710,rollcontainer,44,no,
00102711,rollcontainer,17,no,
00102712,rollcontainer,46,no,
00102713,euro-pallet,66,no,
00102714,euro-pallet,65,no,
00102715,euro-pallet,44,no,
00102716,rollcontainer,31,no,
00102717,rollcontainer,38,no,
00102718,rollcontainer,47,no,
00102719,euro-pallet,46,no,
00102720,rollcontainer,39,no,
00102721,euro-pallet,53,no,
00102722,rollcontainer,51,no,
00102723,euro-pallet,56,no,
00102724,euro-pallet,41,no,
00102725,rollcontainer,41,no,
00102726,rollcontainer,35,no,
00102727,rollcontainer,39,no,
00102728,rollcontainer,33,no,
00102729,rollcontainer,50,no,
00102730,rollcontainer,38,no,
00102731,rollcontainer,44,no,
00102732,rollcontainer,33,no,
00102733,rollcontainer,27,no,
00102734,rollcontainer,23,no,
00102735,rollcontainer,41,no,
00102736,rollcontainer,30,no,
00102737,euro-pallet,58,no,
00102738,euro-pallet,62,no,
00102739,rollcontainer,41,no,
00102740,euro-pallet,37,no,
00102741,rollcontainer,34,no,
00102742,euro-pallet,62,no,
00102743,rollcontainer,20,no,
00102744,euro-pallet,46,no,
00102745,euro-pallet,53,no,
00102746,euro-pallet,56,no,
00102747,rollcontainer,34,no,
00102748,euro-pallet,62,no,
00102749,rollcontainer,43,no,
00102750,rollcontainer,22,no,
00102751,rollcontainer,28,no,
00102752,euro-pallet,55,no,
00102753,rollcontainer,41,no,
00102754,euro-pallet,98,no,
00102755,euro-pallet,63,no,
00102756,rollcontainer,31,no,
00102757,rollcontainer,69,no,
00102758,rollcontainer,39,no,
00102759,rollcontainer,34,no,
00102760,rollcontainer,38,no,
00102761,euro-pallet,62,no,
00102762,euro-pallet,56,no,
00102763,euro-pallet,40,no,
00102764,euro-pallet,52,no,
00102765,rollcontainer,42,no,
00102766,euro-pallet,58,no,
00102767,rollcontainer,18,no,
00102768,euro-pallet,34,no,
00102769,euro-pallet,37,no,
00102770,euro-pallet,57,no,
00102771,rollcontainer,46,no,
00102772,rollcontainer,16,no,
00102773,euro-pallet,32,no,
00102774,euro-pallet,57,no,
00102775,euro-pallet,43,no,
00102776,euro-pallet,52,no,
00102777,rollcontainer,41,no,
00102778,euro-pallet,53,no,
00102779,euro-pallet,81,no,
00102780,rollcontainer,42,no,
00102781,euro-pallet,105,no,
00102782,euro-pallet,35,no,
00102783,rollcontainer,27,no,
00102784,rollcontainer,33,no,
00102785,rollcontainer,40,no,
00102786,euro-pallet,54,no,
00102787,rollcontainer,58,no,
00102788,rollcontainer,47,no,
00102789,rollcontainer,22,no,
00102790,rollcontainer,20,no,
00102791,rollcontainer,43,no,
00102792,euro-pallet,59,no,
00102793,euro-pallet,46,no,
00102794,euro-pallet,48,no,
00102795,rollcontainer,47,no,
00102796,rollcontainer,42,no,
00102797,rollcontainer,44,no,
00102798,euro-pallet,58,no,
00102799,euro-pallet,57,no,
00102800,rollcontainer,37,no,
00102801,euro-pallet,59,no,
00102802,euro-pallet,30,no,
00102803,rollcontainer,38,no,
00102804,euro-pallet,38,no,
00102805,rollcontainer,38,no,
00102806,rollcontainer,29,no,
00102807,rollcontainer,46,no,
00102808,rollcontainer,19,no,
00102809,rollcontainer,43,no,
00102810,rollcontainer,47,no,
00102811,euro-pallet,39,no,
00102812,euro-pallet,53,no,
00102813,euro-pallet,59,no,
00102814,euro-pallet,29,no,
00102815,euro-pallet,49,no,
00102816,euro-pallet,100,no,
00102817,euro-pallet,44,no,
00102818,euro-pallet,50,no,
00102819,euro-pallet,40,no,
00102820,rollcontainer,35,no,
00102821,rollcontainer,40,no,
00102822,euro-pallet,53,no,
00102823,rollcontainer,48,no,
00102824,euro-pallet,68,no,
00102825,rollcontainer,50,no,
00102826,rollcontainer,40,no,
00102827,rollcontainer,45,no,
00102828,rollcontainer,41,no,
00102829,euro-pallet,28,no,
00102830,rollcontainer,75,no,
00102831,rollcontainer,35,no,
00102832,rollcontainer,39,no,
00102833,euro-pallet,45,no,
00102834,rollcontainer,44,no,
00102835,euro-pallet,60,no,
00102836,rollcontainer,48,no,
00102837,rollcontainer,17,no,
00102838,euro-pallet,43,no,
00102839,rollcontainer,39,no,
00102840,rollcontainer,21,no,
00102841,euro-pallet,46,no,
00102842,euro-pallet,38,no,
00102843,rollcontainer,42,no,
00102844,rollcontainer,45,no,
00102845,rollcontainer,41,no,
00102846,rollcontainer,49,no,
00102847,euro-pallet,56,no,
00102848,rollcontainer,34,no,
00102849,euro-pallet,46,no,
00102850,euro-pallet,60,no,
00102851,euro-pallet,59,no,
00102852,rollcontainer,44,no,
00102853,rollcontainer,29,no,
00102854,euro-pallet,35,no,
00102855,rollcontainer,17,no,
00102856,euro-pallet,57,no,
00102857,euro-pallet,63,no,
00102858,rollcontainer,18,no,
00102859,rollcontainer,46,no,
00102860,rollcontainer,37,no,
00102861,rollcontainer,29,no,
00102862,rollcontainer,37,no,
00102863,euro-pallet,62,no,
00102864,rollcontainer,48,no,
00102865,euro-pallet,82,no,
00102866,euro-pallet,55,no,
00102867,euro-pallet,50,no,
00102868,euro-pallet,47,no,
00102869,euro-pallet,53,no,
00102870,euro-pallet,53,no,
00102871,euro-pallet,52,no,
00102872,rollcontainer,34,no,
00102873,euro-pallet,68,no,
00102874,euro-pallet,54,no,
00102875,rollcontainer,26,no,
00102876,euro-pallet,52,no,
00102877,euro-pallet,66,no,
00102878,rollcontainer,20,no,
00102879,rollcontainer,42,no,
00102880,rollcontainer,46,no,
00102881,euro-pallet,57,no,
00102882,euro-pallet,43,no,
00102883,euro-pallet,46,no,
00102884,rollcontainer,43,no,
00102885,rollcontainer,39,no,
00102886,euro-pallet,38,no,
00102887,rollcontainer,39,no,
00102888,euro-pallet,63,no,
00102889,rollcontainer,21,no,
00102890,euro-pallet,63,no,
00102891,rollcontainer,45,no,
00102892,euro-pallet,56,no,
00102893,euro-pallet,57,no,
00102894,euro-pallet,48,no,
00102895,rollcontainer,47,no,
00102896,rollcontainer,49,no,
00102897,euro-pallet,45,no,
00102898,rollcontainer,37,no,
00102899,euro-pallet,44,no,
00102900,rollcontainer,21,no,
00102901,rollcontainer,41,no,
00102902,rollcontainer,34,no,
00102903,euro-pallet,61,no,
00102904,rollcontainer,20,no,
00102905,euro-pallet,42,no,
00102906,euro-pallet,56,no,
00102907,euro-pallet,97,no,
00102908,rollcontainer,30,no,
00102909,rollcontainer,22,no,
00102910,euro-pallet,37,no,
00102911,euro-pallet,53,no,
00102912,euro-pallet,46,no,
00102913,euro-pallet,56,no,
00102914,euro-pallet,43,no,
00102915,euro-pallet,46,no,
00102916,euro-pallet,46,no,
00102917,rollcontainer,30,no,
00102918,rollcontainer,41,no,
00102919,euro-pallet,66,no,
00102920,rollcontainer,30,no,
00102921,rollcontainer,57,no,
00102922,euro-pallet,35,no,
00102923,rollcontainer,41,no,
00102924,euro-pallet,48,no,
00102925,rollcontainer,47,no,
00102926,euro-pallet,41,no,
00102927,rollcontainer,34,no,
00102928,rollcontainer,43,no,
00102929,euro-pallet,79,no,
00102930,rollcontainer,35,no,
00102931,euro-pallet,37,no,
00102932,rollcontainer,32,no,
00102933,rollcontainer,21,no,
00102934,rollcontainer,51,no,
00102935,euro-pallet,43,no,
00102936,euro-pallet,43,no,
00102937,rollcontainer,43,no,
00102938,euro-pallet,38,no,
00102939,rollcontainer,44,no,
00102940,euro-pallet,44,no,
00102941,rollcontainer,24,no,
00102942,euro-pallet,49,no,
00102943,rollcontainer,42,no,
00102944,euro-pallet,55,no,
00102945,euro-pallet,69,no,
00102946,rollcontainer,38,no,
00102947,rollcontainer,39,no,
00102948,euro-pallet,30,no,
00102949,euro-pallet,65,no,
00102950,rollcontainer,52,no,
00102951,rollcontainer,66,no,
00102952,euro-pallet,41,no,
00102953,rollcontainer,40,no,
00102954,rollcontainer,38,no,
00102955,rollcontainer,45,no,
00102956,euro-pallet,34,no,
00102957,euro-pallet,55,no,
00102958,euro-pallet,30,no,
00102959,euro-pallet,59,no,
00102960,euro-pallet,48,no,
00102961,euro-pallet,53,no,
00102962,rollcontainer,33,no,
00102963,rollcontainer,45,no,
00102964,rollcontainer,32,no,
00102965,euro-pallet,34,no,
00102966,euro-pallet,59,no,
00102967,rollcontainer,42,no,
00102968,euro-pallet,44,no,
00102969,rollcontainer,43,no,
00102970,euro-pallet,34,no,
00102971,rollcontainer,29,no,
00102972,euro-pallet,57,no,
00102973,rollcontainer,18,no,
00102974,euro-pallet,44,no,
00102975,euro-pallet,64,no,
00102976,rollcontainer,37,no,
00102977,rollcontainer,33,no,
00102978,rollcontainer,15,no,
00102979,rollcontainer,22,no,
00102980,euro-pallet,31,no,
00102981,euro-pallet,34,no,
00102982,euro-pallet,52,no,
00102983,rollcontainer,46,no,
00102984,euro-pallet,37,no,
00102985,rollcontainer,26,no,
00102986,rollcontainer,37,no,
00102987,euro-pallet,46,no,
00102988,euro-pallet,40,no,
00102989,rollcontainer,46,no,
00102990,rollcontainer,35,no,
00102991,rollcontainer,74,no,
00102992,rollcontainer,40,no,
00102993,euro-pallet,61,no,
00102994,rollcontainer,25,no,
00102995,rollcontainer,18,no,
00102996,euro-pallet,54,no,
00102997,rollcontainer,35,no,
00102998,euro-pallet,57,no,
00102999,rollcontainer,22,no,
00103000,euro-pallet,53,no,
00103001,rollcontainer,17,no,
00103002,euro-pallet,54,no,
00103003,euro-pallet,54,no,
00103004,euro-pallet,94,no,
00103005,euro-pallet,61,no,
00103006,rollcontainer,19,no,
00103007,rollcontainer,45,no,
00103008,rollcontainer,42,no,
00103009,euro-pallet,35,no,
00103010,euro-pallet,63,no,
00103011,euro-pallet,54,no,
00103012,rollcontainer,41,no,
00103013,rollcontainer,44,no,
00103014,euro-pallet,59,no,
00103015,rollcontainer,38,no,
00103016,rollcontainer,40,no,
00103017,rollcontainer,43,no,
00103018,euro-pallet,43,no,
00103019,euro-pallet,47,no,
00103020,rollcontainer,34,no,
00103021,rollcontainer,39,no,
00103022,euro-pallet,46,no,
00103023,euro-pallet,57,no,
00103024,rollcontainer,26,no,
00103025,rollcontainer,40,no,
00103026,rollcontainer,36,no,
00103027,euro-pallet,51,no,
00103028,euro-pallet,32,no,
00103029,rollcontainer,32,no,
00103030,euro-pallet,52,no,
00103031,rollcontainer,40,no,
00103032,rollcontainer,44,no,
00103033,rollcontainer,36,no,
00103034,euro-pallet,85,no,
00103035,rollcontainer,44,no,
00103036,rollcontainer,39,no,
00103037,euro-pallet,68,no,
00103038,rollcontainer,47,no,
00103039,rollcontainer,22,no,
00103040,euro-pallet,56,no,
00103041,euro-pallet,57,no,
00103042,rollcontainer,15,no,
00103043,euro-pallet,66,no,
00103044,rollcontainer,24,no,
00103045,rollcontainer,43,no,
00103046,euro-pallet,69,no,
00103047,euro-pallet,39,no,
00103048,euro-pallet,25,no,
00103049,rollcontainer,31,no,
00103050,rollcontainer,33,no,
00103051,rollcontainer,20,no,
00103052,rollcontainer,38,no,
00103053,rollcontainer,51,no,
00103054,rollcontainer,19,no,
00103055,euro-pallet,82,no,
00103056,rollcontainer,38,no,
00103057,euro-pallet,53,no,
00103058,rollcontainer,43,no,
00103059,euro-pallet,41,no,
00103060,euro-pallet,34,no,
00103061,euro-pallet,46,no,
00103062,euro-pallet,62,no,
00103063,euro-pallet,39,no,
00103064,rollcontainer,47,no,
00103065,euro-pallet,60,no,
00103066,euro-pallet,45,no,
00103067,euro-pallet,44,no,
00103068,rollcontainer,48,no,
00103069,rollcontainer,45,no,
00103070,euro-pallet,48,no,
00103071,euro-pallet,49,no,
00103072,euro-pallet,57,no,
00103073,rollcontainer,42,no,
00103074,rollcontainer,22,no,
00103075,rollcontainer,43,no,
00103076,rollcontainer,39,no,
00103077,euro-pallet,53,no,
00103078,euro-pallet,46,no,
00103079,rollcontainer,40,no,
00103080,euro-pallet,48,no,
00103081,rollcontainer,33,no,
00103082,rollcontainer,21,no,
00103083,rollcontainer,43,no,
00103084,rollcontainer,17,no,
00103085,euro-pallet,53,no,
00103086,rollcontainer,47,no,
00103087,euro-pallet,57,no,
00103088,rollcontainer,36,no,
00103089,rollcontainer,36,no,
00103090,euro-pallet,34,no,
00103091,rollcontainer,42,no,
00103092,rollcontainer,42,no,
00103093,rollcontainer,45,no,
00103094,euro-pallet,56,no,
00103095,rollcontainer,39,no,
00103096,euro-pallet,46,no,
00103097,rollcontainer,36,no,
00103098,rollcontainer,38,no,
00103099,rollcontainer,48,no,
00103100,rollcontainer,27,no,
00103101,rollcontainer,43,no,
00103102,rollcontainer,41,no,
00103103,rollcontainer,28,no,
00103104,euro-pallet,47,no,
00103105,rollcontainer,30,no,
00103106,rollcontainer,19,no,
00103107,rollcontainer,45,no,
00103108,euro-pallet,50,no,
00103109,euro-pallet,47,no,
00103110,euro-pallet,34,no,
00103111,rollcontainer,51,no,
00103112,euro-pallet,49,no,
00103113,rollcontainer,21,no,
00103114,rollcontainer,61,no,
00103115,rollcontainer,19,no,
00103116,rollcontainer,31,no,
00103117,euro-pallet,45,no,
00103118,euro-pallet,53,no,
00103119,rollcontainer,36,no,
00103120,rollcontainer,18,no,
00103121,rollcontainer,19,no,
00103122,euro-pallet,43,no,
00103123,rollcontainer,42,no,
00103124,rollcontainer,39,no,
00103125,euro-pallet,54,no,
00103126,euro-pallet,56,no,
00103127,euro-pallet,54,no,
00103128,rollcontainer,29,no,
00103129,euro-pallet,28,no,
00103130,euro-pallet,49,no,
00103131,euro-pallet,66,no,
00103132,rollcontainer,32,no,
00103133,rollcontainer,36,no,
00103134,euro-pallet,31,no,
00103135,euro-pallet,52,no,
00103136,rollcontainer,46,no,
00103137,rollcontainer,44,no,
00103138,rollcontainer,33,no,
00103139,rollcontainer,19,no,
00103140,rollcontainer,41,no,
00103141,euro-pallet,35,no,
00103142,euro-pallet,56,no,
00103143,rollcontainer,28,no,
00103144,euro-pallet,51,no,
00103145,rollcontainer,19,no,
00103146,euro-pallet,33,no,
00103147,rollcontainer,40,no,
00103148,euro-pallet,31,no,
00103149,rollcontainer,26,no,
00103150,rollcontainer,27,no,
00103151,rollcontainer,29,no,
00103152,euro-pallet,59,no,
00103153,euro-pallet,60,no,
00103154,rollcontainer,19,no,
00103155,rollcontainer,36,no,
00103156,rollcontainer,30,no,
00103157,rollcontainer,33,no,
00103158,euro-pallet,50,no,
00103159,euro-pallet,41,no,
00103160,rollcontainer,39,no,
00103161,euro-pallet,53,no,
00103162,euro-pallet,31,no,
00103163,euro-pallet,56,no,
00103164,rollcontainer,46,no,
00103165,rollcontainer,16,no,
00103166,rollcontainer,47,no,
00103167,euro-pallet,54,no,
00103168,rollcontainer,30,no,
00103169,rollcontainer,34,no,
00103170,euro-pallet,61,no,
00103171,rollcontainer,33,no,
00103172,euro-pallet,34,no,
00103173,euro-pallet,43,no,
00103174,rollcontainer,21,no,
00103175,rollcontainer,44,no,
00103176,rollcontainer,48,no,
00103177,euro-pallet,37,no,
00103178,rollcontainer,19,no,
00103179,rollcontainer,19,no,
00103180,euro-pallet,59,no,
00103181,rollcontainer,55,no,
00103182,euro-pallet,49,no,
00103183,rollcontainer,34,no,
00103184,euro-pallet,42,no,
00103185,euro-pallet,55,no,
00103186,rollcontainer,42,no,
00103187,euro-pallet,55,no,
00103188,rollcontainer,32,no,
00103189,euro-pallet,58,no,
00103190,euro-pallet,57,no,
00103191,euro-pallet,59,no,
00103192,rollcontainer,20,no,
00103193,euro-pallet,57,no,
00103194,rollcontainer,36,no,
00103195,euro-pallet,43,no,
00103196,euro-pallet,62,no,
00103197,euro-pallet,94,no,
00103198,rollcontainer,47,no,
00103199,euro-pallet,47,no,
00103200,rollcontainer,48,no,
00103201,rollcontainer,20,no,
00103202,rollcontainer,46,no,
00103203,euro-pallet,56,no,
00103204,euro-pallet,56,no,
00103205,rollcontainer,42,no,
00103206,rollcontainer,47,no,
00103207,rollcontainer,19,no,
00103208,euro-pallet,46,no,
00103209,rollcontainer,29,no,
00103210,euro-pallet,49,no,
00103211,rollcontainer,19,no,
00103212,euro-pallet,62,no,
00103213,rollcontainer,26,no,
00103214,euro-pallet,60,no,
00103215,rollcontainer,18,no,
00103216,euro-pallet,61,no,
00103217,euro-pallet,57,no,
00103218,rollcontainer,21,no,
00103219,euro-pallet,29,no,
00103220,euro-pallet,49,no,
00103221,euro-pallet,44,no,
00103222,euro-pallet,50,no,
00103223,rollcontainer,37,no,
00103224,euro-pallet,58,no,
00103225,euro-pallet,57,no,
00103226,euro-pallet,33,no,
00103227,rollcontainer,40,no,
00103228,rollcontainer,35,no,
00103229,rollcontainer,37,no,
00103230,rollcontainer,48,no,
00103231,euro-pallet,57,no,
00103232,euro-pallet,105,no,
00103233,euro-pallet,46,no,
00103234,rollcontainer,33,no,
00103235,rollcontainer,48,no,
00103236,rollcontainer,38,no,
00103237,euro-pallet,54,no,
00103238,euro-pallet,58,no,
00103239,rollcontainer,47,no,
00103240,euro-pallet,55,no,
00103241,rollcontainer,19,no,
00103242,rollcontainer,45,no,
00103243,rollcontainer,44,no,
00103244,rollcontainer,14,no,
00103245,euro-pallet,103,no,
00103246,euro-pallet,52,no,
00103247,rollcontainer,29,no,
00103248,rollcontainer,46,no,
00103249,euro-pallet,54,no,
00103250,euro-pallet,58,no,
00103251,euro-pallet,68,no,
00103252,rollcontainer,39,no,
00103253,euro-pallet,62,no,
00103254,rollcontainer,40,no,
00103255,rollcontainer,39,no,
00103256,rollcontainer,19,no,
00103257,euro-pallet,41,no,
00103258,euro-pallet,28,no,
00103259,euro-pallet,57,no,
00103260,rollcontainer,18,no,
00103261,rollcontainer,36,no,
00103262,euro-pallet,41,no,
00103263,euro-pallet,50,no,
00103264,euro-pallet,39,no,
00103265,rollcontainer,25,no,
00103266,rollcontainer,19,no,
00103267,euro-pallet,63,no,
00103268,euro-pallet,37,no,
00103269,euro-pallet,54,no,
00103270,rollcontainer,47,no,
00103271,rollcontainer,44,no,
00103272,rollcontainer,50,no,
00103273,rollcontainer,20,no,
00103274,euro-pallet,42,no,
00103275,euro-pallet,30,no,
00103276,rollcontainer,38,no,
00103277,euro-pallet,29,no,
00103278,rollcontainer,25,no,
00103279,rollcontainer,32,no,
00103280,rollcontainer,33,no,
00103281,euro-pallet,39,no,
00103282,rollcontainer,39,no,
00103283,euro-pallet,40,no,
00103284,euro-pallet,47,no,
00103285,rollcontainer,58,no,
00103286,euro-pallet,45,no,
00103287,euro-pallet,56,no,
00103288,euro-pallet,45,no,
00103289,euro-pallet,55,no,
00103290,euro-pallet,62,no,
00103291,rollcontainer,35,no,
00103292,rollcontainer,37,no,
00103293,euro-pallet,59,no,
00103294,rollcontainer,42,no,
00103295,euro-pallet,55,no,
00103296,rollcontainer,29,no,
00103297,rollcontainer,31,no,
00103298,rollcontainer,23,no,
00103299,rollcontainer,49,no,
00103300,rollcontainer,17,no,
00103301,rollcontainer,26,no,
00103302,rollcontainer,45,no,
00103303,rollcontainer,23,no,
00103304,euro-pallet,43,no,
00103305,rollcontainer,47,no,
00103306,rollcontainer,34,no,
00103307,rollcontainer,44,no,
00103308,euro-pallet,54,no,
00103309,rollcontainer,47,no,
00103310,rollcontainer,20,no,
00103311,rollcontainer,28,no,
00103312,rollcontainer,38,no,
00103313,euro-pallet,39,no,
00103314,rollcontainer,36,no,
00103315,rollcontainer,48,no,
00103316,rollcontainer,20,no,
00103317,euro-pallet,56,no,
00103318,euro-pallet,58,no,
00103319,rollcontainer,32,no,
00103320,euro-pallet,54,no,
00103321,rollcontainer,23,no,
00103322,euro-pallet,62,no,
00103323,rollcontainer,32,no,
00103324,rollcontainer,45,no,
00103325,rollcontainer,45,no,
00103326,rollcontainer,35,no,
00103327,rollcontainer,44,no,
00103328,euro-pallet,54,no,
00103329,euro-pallet,58,no,
00103330,euro-pallet,50,no,
00103331,rollcontainer,36,no,
00103332,rollcontainer,40,no,
00103333,rollcontainer,37,no,
00103334,euro-pallet,40,no,
00103335,euro-pallet,41,no,
00103336,euro-pallet,62,no,
00103337,rollcontainer,34,no,
00103338,rollcontainer,40,no,
00103339,rollcontainer,43,no,
00103340,rollcontainer,46,no,
00103341,euro-pallet,53,no,
00103342,rollcontainer,40,no,
00103343,rollcontainer,43,no,
00103344,euro-pallet,53,no,
00103345,euro-pallet,47,no,
00103346,rollcontainer,32,no,
00103347,rollcontainer,36,no,
00103348,rollcontainer,20,no,
00103349,euro-pallet,62,no,
00103350,rollcontainer,51,no,
00103351,euro-pallet,50,no,
00103352,euro-pallet,66,no,
00103353,euro-pallet,61,no,
00103354,rollcontainer,52,no,
00103355,euro-pallet,70,no,
00103356,rollcontainer,17,no,
00103357,rollcontainer,33,no,
00103358,rollcontainer,33,no,
00103359,rollcontainer,44,no,
00103360,rollcontainer,45,no,
00103361,rollcontainer,47,no,
00103362,rollcontainer,25,no,
00103363,euro-pallet,26,no,
00103364,euro-pallet,61,no,
00103365,rollcontainer,37,no,
00103366,euro-pallet,46,no,
00103367,rollcontainer,39,no,
00103368,rollcontainer,19,no,
00103369,rollcontainer,26,no,
00103370,euro-pallet,39,no,
00103371,euro-pallet,52,no,
00103372,euro-pallet,58,no,
00103373,rollcontainer,38,no,
00103374,rollcontainer,34,no,
00103375,rollcontainer,42,no,
00103376,rollcontainer,26,no,
00103377,rollcontainer,42,no,
00103378,rollcontainer,43,no,
00103379,rollcontainer,16,no,
00103380,rollcontainer,45,no,
00103381,rollcontainer,46,no,
00103382,euro-pallet,70,no,
00103383,rollcontainer,34,no,
00103384,euro-pallet,31,no,
00103385,rollcontainer,42,no,
00103386,rollcontainer,42,no,
00103387,rollcontainer,33,no,
00103388,euro-pallet,31,no,
00103389,euro-pallet,43,no,
00103390,euro-pallet,50,no,
00103391,rollcontainer,36,no,
00103392,rollcontainer,19,no,
00103393,rollcontainer,17,no,
00103394,euro-pallet,59,no,
00103395,rollcontainer,22,no,
00103396,euro-pallet,68,no,
00103397,euro-pallet,40,no,
00103398,rollcontainer,33,no,
00103399,rollcontainer,22,no,
00103400,euro-pallet,62,no,
00103401,euro-pallet,43,no,
00103402,rollcontainer,47,no,
00103403,euro-pallet,49,no,
00103404,euro-pallet,50,no,
00103405,rollcontainer,30,no,
00103406,euro-pallet,64,no,
00103407,euro-pallet,59,no,
00103408,euro-pallet,41,no,
00103409,euro-pallet,57,no,
00103410,euro-pallet,60,no,
00103411,euro-pallet,44,no,
00103412,euro-pallet,44,no,
00103413,rollcontainer,26,no,
00103414,euro-pallet,28,no,
00103415,rollcontainer,44,no,
00103416,euro-pallet,62,no,
00103417,rollcontainer,36,no,
00103418,euro-pallet,28,no,
00103419,rollcontainer,34,no,
00103420,euro-pallet,53,no,
00103421,rollcontainer,43,no,
00103422,rollcontainer,37,no,
00103423,euro-pallet,52,no,
00103424,rollcontainer,37,no,
00103425,rollcontainer,22,no,
00103426,euro-pallet,51,no,
00103427,rollcontainer,19,no,
00103428,euro-pallet,57,no,
00103429,euro-pallet,43,no,
00103430,euro-pallet,61,no,
00103431,euro-pallet,43,no,
00103432,euro-pallet,61,no,
00103433,rollcontainer,35,no,
00103434,euro-pallet,35,no,
00103435,euro-pallet,46,no,
00103436,euro-pallet,51,no,
00103437,euro-pallet,46,no,
00103438,euro-pallet,55,no,
00103439,rollcontainer,46,no,
00103440,rollcontainer,20,no,
00103441,euro-pallet,31,no,
00103442,rollcontainer,19,no,
00103443,rollcontainer,44,no,
00103444,euro-pallet,31,no,
00103445,rollcontainer,46,no,
00103446,euro-pallet,43,no,
00103447,rollcontainer,23,no,
00103448,euro-pallet,55,no,
00103449,euro-pallet,60,no,
00103450,euro-pallet,55,no,
00103451,rollcontainer,19,no,
00103452,rollcontainer,18,no,
00103453,rollcontainer,34,no,
00103454,euro-pallet,29,no,
00103455,rollcontainer,44,no,
00103456,rollcontainer,59,no,
00103457,euro-pallet,49,no,
00103458,rollcontainer,34,no,
00103459,euro-pallet,48,no,
00103460,rollcontainer,25,no,
00103461,euro-pallet,41,no,
00103462,euro-pallet,65,no,
00103463,rollcontainer,46,no,
00103464,euro-pallet,53,no,
00103465,euro-pallet,56,no,
00103466,rollcontainer,74,no,
00103467,euro-pallet,35,no,
00103468,euro-pallet,26,no,
00103469,euro-pallet,54,no,
00103470,euro-pallet,31,no,
00103471,rollcontainer,20,no,
00103472,rollcontainer,33,no,
00103473,euro-pallet,57,no,
00103474,rollcontainer,47,no,
00103475,rollcontainer,31,no,
00103476,euro-pallet,50,no,
00103477,rollcontainer,46,no,
00103478,euro-pallet,49,no,
00103479,euro-pallet,54,no,
00103480,euro-pallet,53,no,
00103481,euro-pallet,51,no,
00103482,rollcontainer,49,no,
00103483,rollcontainer,16,no,
00103484,rollcontainer,24,no,
00103485,euro-pallet,37,no,
00103486,euro-pallet,55,no,
00103487,euro-pallet,43,no,
00103488,rollcontainer,46,no,
00103489,rollcontainer,37,no,
00103490,rollcontainer,35,no,
00103491,rollcontainer,16,no,
00103492,rollcontainer,52,no,
00103493,euro-pallet,54,no,
00103494,euro-pallet,44,no,
00103495,rollcontainer,43,no,
00103496,euro-pallet,62,no,
00103497,rollcontainer,30,no,
00103498,rollcontainer,16,no,
00103499,rollcontainer,24,no,
00103500,euro-pallet,36,no,
00103501,rollcontainer,42,no,
00103502,rollcontainer,31,no,
00103503,rollcontainer,27,no,
00103504,euro-pallet,56,no,
00103505,rollcontainer,25,no,
00103506,rollcontainer,40,no,
00103507,rollcontainer,35,no,
00103508,euro-pallet,45,no,
00103509,rollcontainer,43,no,
00103510,euro-pallet,62,no,
00103511,rollcontainer,38,no,
00103512,euro-pallet,51,no,
00103513,euro-pallet,34,no,
00103514,rollcontainer,23,no,
00103515,euro-pallet,60,no,
00103516,rollcontainer,26,no,
00103517,rollcontainer,31,no,
00103518,euro-pallet,55,no,
00103519,euro-pallet,47,no,
00103520,euro-pallet,51,no,
00103521,rollcontainer,39,no,
00103522,rollcontainer,34,no,
00103523,rollcontainer,43,no,
00103524,euro-pallet,42,no,
00103525,euro-pallet,64,no,
00103526,rollcontainer,26,no,
00103527,rollcontainer,40,no,
00103528,rollcontainer,18,no,
00103529,rollcontainer,32,no,
00103530,euro-pallet,43,no,
00103531,rollcontainer,41,no,
00103532,rollcontainer,30,no,
00103533,euro-pallet,55,no,
00103534,rollcontainer,20,no,
00103535,rollcontainer,18,no,
00103536,rollcontainer,19,no,
00103537,rollcontainer,45,no,
00103538,rollcontainer,21,no,
00103539,rollcontainer,33,no,
00103540,rollcontainer,43,no,
00103541,euro-pallet,43,no,
00103542,euro-pallet,57,no,
00103543,euro-pallet,43,no,
00103544,euro-pallet,112,no,
00103545,euro-pallet,47,no,
00103546,euro-pallet,62,no,
00103547,euro-pallet,26,no,
00103548,rollcontainer,33,no,
00103549,euro-pallet,56,no,
00103550,euro-pallet,41,no,
00103551,rollcontainer,18,no,
00103552,rollcontainer,46,no,
00103553,euro-pallet,57,no,
00103554,euro-pallet,63,no,
00103555,euro-pallet,97,no,
00103556,rollcontainer,37,no,
00103557,euro-pallet,41,no,
00103558,euro-pallet,26,no,
00103559,euro-pallet,38,no,
00103560,rollcontainer,18,no,
00103561,rollcontainer,33,no,
00103562,euro-pallet,56,no,
00103563,rollcontainer,16,no,
00103564,rollcontainer,45,no,
00103565,rollcontainer,32,no,
00103566,euro-pallet,69,no,
00103567,euro-pallet,48,no,
00103568,rollcontainer,38,no,
00103569,rollcontainer,48,no,
00103570,rollcontainer,22,no,
00103571,euro-pallet,43,no,
00103572,euro-pallet,43,no,
00103573,euro-pallet,70,no,
00103574,euro-pallet,39,no,
00103575,euro-pallet,57,no,
00103576,euro-pallet,40,no,
00103577,euro-pallet,31,no,
00103578,rollcontainer,42,no,
00103579,rollcontainer,45,no,
00103580,euro-pallet,56,no,
00103581,euro-pallet,37,no,
00103582,euro-pallet,42,no,
00103583,rollcontainer,46,no,
00103584,rollcontainer,45,no,
00103585,euro-pallet,51,no,
00103586,euro-pallet,31,no,
00103587,rollcontainer,18,no,
00103588,rollcontainer,16,no,
00103589,euro-pallet,43,no,
00103590,rollcontainer,29,no,
00103591,rollcontainer,46,no,
00103592,euro-pallet,57,no,
00103593,euro-pallet,57,no,
00103594,rollcontainer,70,no,
00103595,euro-pallet,43,no,
00103596,euro-pallet,42,no,
00103597,euro-pallet,49,no,
00103598,rollcontainer,44,no,
00103599,euro-pallet,57,no,
00103600,euro-pallet,63,no,
00103601,euro-pallet,35,no,
00103602,rollcontainer,40,no,
00103603,rollcontainer,40,no,
00103604,rollcontainer,34,no,
00103605,euro-pallet,66,no,
00103606,rollcontainer,35,no,
00103607,euro-pallet,55,no,
00103608,rollcontainer,42,no,
00103609,euro-pallet,44,no,
00103610,rollcontainer,45,no,
00103611,rollcontainer,29,no,
00103612,euro-pallet,62,no,
00103613,rollcontainer,42,no,
00103614,rollcontainer,16,no,
00103615,euro-pallet,23,no,
00103616,rollcontainer,39,no,
00103617,euro-pallet,44,no,
00103618,euro-pallet,60,no,
00103619,euro-pallet,55,no,
00103620,rollcontainer,50,no,
00103621,euro-pallet,53,no,
00103622,rollcontainer,23,no,
00103623,euro-pallet,55,no,
00103624,euro-pallet,56,no,
00103625,rollcontainer,44,no,
00103626,euro-pallet,57,no,
00103627,euro-pallet,68,no,
00103628,euro-pallet,58,no,
00103629,rollcontainer,32,no,
00103630,rollcontainer,45,no,
00103631,euro-pallet,52,no,
00103632,euro-pallet,43,no,
00103633,euro-pallet,37,no,
00103634,rollcontainer,41,no,
00103635,rollcontainer,45,no,
00103636,euro-pallet,37,no,
00103637,euro-pallet,52,no,
00103638,euro-pallet,47,no,
00103639,euro-pallet,33,no,
00103640,euro-pallet,33,no,
00103641,rollcontainer,22,no,
00103642,rollcontainer,35,no,
00103643,rollcontainer,44,no,
00103644,rollcontainer,33,no,
00103645,rollcontainer,41,no,
00103646,euro-pallet,38,no,
00103647,rollcontainer,19,no,
00103648,rollcontainer,26,no,
00103649,euro-pallet,58,no,
00103650,rollcontainer,27,no,
00103651,rollcontainer,43,no,
00103652,euro-pallet,64,no,
00103653,euro-pallet,66,no,
00103654,euro-pallet,58,no,
00103655,rollcontainer,34,no,
00103656,rollcontainer,16,no,
00103657,rollcontainer,34,no,
00103658,euro-pallet,30,no,
00103659,rollcontainer,27,no,
00103660,rollcontainer,45,no,
00103661,rollcontainer,37,no,
00103662,euro-pallet,56,no,
00103663,euro-pallet,28,no,
00103664,rollcontainer,33,no,
00103665,rollcontainer,20,no,
00103666,euro-pallet,54,no,
00103667,rollcontainer,39,no,
00103668,euro-pallet,54,no,
00103669,euro-pallet,33,no,
00103670,rollcontainer,35,no,
00103671,rollcontainer,39,no,
00103672,rollcontainer,49,no,
00103673,euro-pallet,53,no,
00103674,rollcontainer,69,no,
00103675,euro-pallet,39,no,
00103676,rollcontainer,43,no,
00103677,rollcontainer,40,no,
00103678,rollcontainer,44,no,
00103679,euro-pallet,37,no,
00103680,rollcontainer,42,no,
00103681,rollcontainer,22,no,
00103682,euro-pallet,43,no,
00103683,rollcontainer,46,no,
00103684,rollcontainer,26,no,
00103685,euro-pallet,45,no,
00103686,euro-pallet,44,no,
00103687,rollcontainer,33,no,
00103688,euro-pallet,58,no,
00103689,euro-pallet,54,no,
00103690,euro-pallet,42,no,
00103691,euro-pallet,32,no,
00103692,rollcontainer,37,no,
00103693,rollcontainer,44,no,
00103694,rollcontainer,38,no,
00103695,euro-pallet,61,no,
00103696,rollcontainer,40,no,
00103697,rollcontainer,22,no,
00103698,rollcontainer,17,no,
00103699,euro-pallet,59,no,
00103700,euro-pallet,52,no,
00103701,euro-pallet,33,no,
00103702,euro-pallet,65,no,
00103703,rollcontainer,34,no,
00103704,rollcontainer,36,no,
00103705,euro-pallet,63,no,
00103706,rollcontainer,48,no,
00103707,rollcontainer,41,no,
00103708,rollcontainer,51,no,
00103709,rollcontainer,38,no,
00103710,rollcontainer,45,no,
00103711,rollcontainer,47,no,
00103712,euro-pallet,51,no,
00103713,rollcontainer,19,no,
00103714,euro-pallet,49,no,
00103715,rollcontainer,21,no,
00103716,rollcontainer,42,no,
00103717,euro-pallet,55,no,
00103718,rollcontainer,83,no,
00103719,euro-pallet,62,no,
00103720,rollcontainer,44,no,
00103721,rollcontainer,27,no,
00103722,rollcontainer,37,no,
00103723,rollcontainer,37,no,
00103724,euro-pallet,54,no,
00103725,euro-pallet,26,no,
00103726,rollcontainer,39,no,
00103727,euro-pallet,49,no,
00103728,euro-pallet,51,no,
00103729,euro-pallet,52,no,
00103730,rollcontainer,49,no,
00103731,rollcontainer,48,no,
00103732,euro-pallet,45,no,
00103733,rollcontainer,19,no,
00103734,euro-pallet,47,no,
00103735,euro-pallet,57,no,
00103736,rollcontainer,32,no,
00103737,euro-pallet,59,no,
00103738,rollcontainer,21,no,
00103739,rollcontainer,44,no,
00103740,rollcontainer,23,no,
00103741,rollcontainer,34,no,
00103742,rollcontainer,47,no,
00103743,euro-pallet,55,no,
00103744,rollcontainer,37,no,
00103745,euro-pallet,35,no,
00103746,euro-pallet,68,no,
00103747,rollcontainer,46,no,
00103748,euro-pallet,55,no,
00103749,euro-pallet,56,no,
00103750,rollcontainer,21,no,
00103751,rollcontainer,45,no,
00103752,rollcontainer,40,no,
00103753,rollcontainer,43,no,
00103754,euro-pallet,52,no,
00103755,rollcontainer,43,no,
00103756,rollcontainer,35,no,
00103757,euro-pallet,32,no,
00103758,euro-pallet,56,no,
00103759,rollcontainer,44,no,
00103760,rollcontainer,29,no,
00103761,euro-pallet,36,no,
00103762,rollcontainer,42,no,
00103763,euro-pallet,58,no,
00103764,euro-pallet,56,no,
00103765,rollcontainer,36,no,
00103766,euro-pallet,71,no,
00103767,rollcontainer,17,no,
00103768,euro-pallet,33,no,
00103769,rollcontainer,34,no,
00103770,rollcontainer,34,no,
00103771,rollcontainer,41,no,
00103772,euro-pallet,47,no,
00103773,rollcontainer,19,no,
00103774,euro-pallet,30,no,
00103775,rollcontainer,19,no,
00103776,rollcontainer,40,no,
00103777,rollcontainer,46,no,
00103778,rollcontainer,46,no,
00103779,euro-pallet,30,no,
00103780,rollcontainer,21,no,
00103781,euro-pallet,49,no,
00103782,euro-pallet,35,no,
00103783,rollcontainer,37,no,
00103784,rollcontainer,41,no,
00103785,euro-pallet,60,no,
00103786,rollcontainer,43,no,
00103787,euro-pallet,57,no,
00103788,rollcontainer,46,no,
00103789,rollcontainer,45,no,
00103790,euro-pallet,55,no,
00103791,rollcontainer,37,no,
00103792,rollcontainer,37,no,
00103793,euro-pallet,63,no,
00103794,rollcontainer,17,no,
00103795,euro-pallet,60,no,
00103796,rollcontainer,18,no,
00103797,euro-pallet,27,no,
00103798,rollcontainer,46,no,
00103799,euro-pallet,47,no,
00103800,rollcontainer,44,no,
00103801,euro-pallet,93,no,
00103802,euro-pallet,25,no,
00103803,euro-pallet,51,no,
00103804,euro-pallet,33,no,
00103805,rollcontainer,43,no,
00103806,rollcontainer,41,no,
00103807,euro-pallet,52,no,
00103808,rollcontainer,33,no,
00103809,euro-pallet,53,no,
00103810,rollcontainer,25,no,
00103811,rollcontainer,37,no,
00103812,euro-pallet,94,no,
00103813,euro-pallet,57,no,
00103814,rollcontainer,33,no,
00103815,euro-pallet,87,no,
00103816,rollcontainer,38,no,
00103817,euro-pallet,26,no,
00103818,euro-pallet,82,no,
00103819,rollcontainer,16,no,
00103820,rollcontainer,40,no,
00103821,euro-pallet,63,no,
00103822,rollcontainer,45,no,
00103823,euro-pallet,38,no,
00103824,rollcontainer,32,no,
00103825,rollcontainer,19,no,
00103826,euro-pallet,54,no,
00103827,rollcontainer,39,no,
00103828,euro-pallet,55,no,
00103829,rollcontainer,23,no,
00103830,euro-pallet,51,no,
00103831,euro-pallet,54,no,
00103832,euro-pallet,59,no,
00103833,rollcontainer,23,no,
00103834,rollcontainer,46,no,
00103835,euro-pallet,43,no,
00103836,euro-pallet,62,no,
00103837,rollcontainer,32,no,
00103838,euro-pallet,62,no,
00103839,rollcontainer,40,no,
00103840,rollcontainer,37,no,
00103841,euro-pallet,61,no,
00103842,rollcontainer,45,no,
00103843,euro-pallet,60,no,
00103844,euro-pallet,86,no,
00103845,rollcontainer,24,no,
00103846,euro-pallet,49,no,
00103847,rollcontainer,52,no,
00103848,rollcontainer,39,no,
00103849,rollcontainer,44,no,
00103850,rollcontainer,39,no,
00103851,rollcontainer,40,no,
00103852,rollcontainer,19,no,
00103853,rollcontainer,45,no,
00103854,rollcontainer,31,no,
00103855,euro-pallet,42,no,
00103856,rollcontainer,23,no,
00103857,rollcontainer,42,no,
00103858,rollcontainer,42,no,
00103859,euro-pallet,54,no,
00103860,euro-pallet,30,no,
00103861,euro-pallet,49,no,
00103862,rollcontainer,21,no,
00103863,rollcontainer,36,no,
00103864,rollcontainer,42,no,
00103865,rollcontainer,40,no,
00103866,euro-pallet,50,no,
00103867,euro-pallet,50,no,
00103868,rollcontainer,36,no,
00103869,euro-pallet,52,no,
00103870,euro-pallet,38,no,
00103871,euro-pallet,53,no,
00103872,euro-pallet,38,no,
00103873,euro-pallet,50,no,
00103874,rollcontainer,31,no,
00103875,euro-pallet,29,no,
00103876,euro-pallet,50,no,
00103877,rollcontainer,21,no,
00103878,rollcontainer,19,no,
00103879,euro-pallet,44,no,
00103880,rollcontainer,21,no,
00103881,rollcontainer,24,no,
00103882,rollcontainer,37,no,
00103883,rollcontainer,44,no,
00103884,euro-pallet,59,no,
00103885,rollcontainer,38,no,
00103886,rollcontainer,46,no,
00103887,euro-pallet,57,no,
00103888,rollcontainer,21,no,
00103889,euro-pallet,49,no,
00103890,rollcontainer,45,no,
00103891,rollcontainer,42,no,
00103892,rollcontainer,36,no,
00103893,rollcontainer,35,no,
00103894,rollcontainer,36,no,
00103895,rollcontainer,37,no,
00103896,rollcontainer,18,no,
00103897,rollcontainer,45,no,
00103898,rollcontainer,47,no,
00103899,rollcontainer,49,no,
00103900,rollcontainer,46,no,
00103901,rollcontainer,43,no,
00103902,rollcontainer,42,no,
00103903,euro-pallet,49,no,
00103904,rollcontainer,38,no,
00103905,rollcontainer,48,no,
00103906,rollcontainer,41,no,
00103907,euro-pallet,58,no,
00103908,rollcontainer,34,no,
00103909,rollcontainer,44,no,
00103910,euro-pallet,53,no,
00103911,rollcontainer,36,no,
00103912,euro-pallet,45,no,
00103913,rollcontainer,38,no,
00103914,rollcontainer,48,no,
00103915,euro-pallet,66,no,
00103916,euro-pallet,66,no,
00103917,euro-pallet,68,no,
00103918,rollcontainer,34,no,
00103919,rollcontainer,34,no,
00103920,euro-pallet,51,no,
00103921,rollcontainer,23,no,
00103922,rollcontainer,33,no,
00103923,euro-pallet,30,no,
00103924,rollcontainer,33,no,
00103925,euro-pallet,55,no,
00103926,rollcontainer,25,no,
00103927,rollcontainer,40,no,
00103928,euro-pallet,60,no,
00103929,rollcontainer,58,no,
00103930,rollcontainer,40,no,
00103931,euro-pallet,43,no,
00103932,rollcontainer,31,no,
00103933,rollcontainer,37,no,
00103934,rollcontainer,26,no,
00103935,rollcontainer,44,no,
00103936,rollcontainer,40,no,
00103937,rollcontainer,30,no,
00103938,euro-pallet,54,no,
00103939,rollcontainer,48,no,
00103940,euro-pallet,41,no,
00103941,rollcontainer,20,no,
00103942,rollcontainer,26,no,
00103943,rollcontainer,24,no,
00103944,rollcontainer,48,no,
00103945,euro-pallet,36,no,
00103946,rollcontainer,20,no,
00103947,rollcontainer,43,no,
00103948,euro-pallet,52,no,
00103949,rollcontainer,39,no,
00103950,rollcontainer,45,no,
00103951,rollcontainer,43,no,
00103952,rollcontainer,21,no,
00103953,euro-pallet,49,no,
00103954,rollcontainer,16,no,
00103955,euro-pallet,42,no,
00103956,euro-pallet,61,no,
00103957,euro-pallet,64,no,
00103958,rollcontainer,47,no,
00103959,euro-pallet,49,no,
00103960,rollcontainer,23,no,
00103961,rollcontainer,25,no,
00103962,rollcontainer,42,no,
00103963,euro-pallet,61,no,
00103964,euro-pallet,59,no,
00103965,rollcontainer,22,no,
00103966,euro-pallet,57,no,
00103967,rollcontainer,38,no,
00103968,rollcontainer,47,no,
00103969,rollcontainer,36,no,
00103970,euro-pallet,47,no,
00103971,rollcontainer,37,no,
00103972,rollcontainer,32,no,
00103973,euro-pallet,49,no,
00103974,euro-pallet,54,no,
00103975,rollcontainer,43,no,
00103976,euro-pallet,45,no,
00103977,rollcontainer,32,no,
00103978,euro-pallet,50,no,
00103979,euro-pallet,41,no,
00103980,euro-pallet,35,no,
00103981,rollcontainer,37,no,
00103982,euro-pallet,39,no,
00103983,rollcontainer,41,no,
00103984,rollcontainer,43,no,
00103985,rollcontainer,45,no,
00103986,rollcontainer,32,no,
00103987,euro-pallet,47,no,
00103988,euro-pallet,55,no,
00103989,euro-pallet,68,no,
00103990,euro-pallet,34,no,
00103991,rollcontainer,42,no,
00103992,euro-pallet,39,no,
00103993,euro-pallet,59,no,
00103994,rollcontainer,44,no,
00103995,rollcontainer,35,no,
00103996,rollcontainer,42,no,
00103997,rollcontainer,37,no,
00103998,euro-pallet,54,no,
00103999,euro-pallet,44,no,
00104000,rollcontainer,35,no,
00104001,euro-pallet,42,no,
00104002,rollcontainer,17,no,
00104003,euro-pallet,43,no,
00104004,euro-pallet,54,no,
00104005,rollcontainer,44,no,
00104006,rollcontainer,39,no,
00104007,rollcontainer,38,no,
00104008,euro-pallet,37,no,
00104009,euro-pallet,48,no,
00104010,rollcontainer,42,no,
00104011,euro-pallet,58,no,
00104012,euro-pallet,36,no,
00104013,rollcontainer,39,no,
00104014,rollcontainer,36,no,
00104015,euro-pallet,54,no,
00104016,euro-pallet,33,no,
00104017,rollcontainer,47,no,
00104018,euro-pallet,66,no,
00104019,euro-pallet,115,no,
00104020,euro-pallet,56,no,
00104021,rollcontainer,41,no,
00104022,euro-pallet,46,no,
00104023,rollcontainer,23,no,
00104024,euro-pallet,59,no,
00104025,euro-pallet,63,no,
00104026,rollcontainer,32,no,
00104027,euro-pallet,59,no,
00104028,rollcontainer,28,no,
00104029,rollcontainer,43,no,
00104030,rollcontainer,37,no,
00104031,rollcontainer,47,no,
00104032,rollcontainer,16,no,
00104033,euro-pallet,91,no,
00104034,rollcontainer,46,no,
00104035,rollcontainer,27,no,
00104036,euro-pallet,51,no,
00104037,euro-pallet,51,no,
00104038,rollcontainer,39,no,
00104039,rollcontainer,40,no,
00104040,rollcontainer,62,no,
00104041,rollcontainer,43,no,
00104042,euro-pallet,66,no,
00104043,euro-pallet,40,no,
00104044,euro-pallet,61,no,
00104045,rollcontainer,29,no,
00104046,rollcontainer,49,no,
00104047,rollcontainer,38,no,
00104048,euro-pallet,52,no,
00104049,rollcontainer,40,no,
00104050,euro-pallet,31,no,
00104051,euro-pallet,43,no,
00104052,rollcontainer,32,no,
00104053,rollcontainer,19,no,
00104054,rollcontainer,18,no,
00104055,rollcontainer,42,no,
00104056,rollcontainer,19,no,
00104057,rollcontainer,47,no,
00104058,rollcontainer,34,no,
00104059,euro-pallet,46,no,
00104060,rollcontainer,41,no,
00104061,rollcontainer,48,no,
00104062,rollcontainer,32,no,
00104063,euro-pallet,47,no,
00104064,euro-pallet,63,no,
00104065,rollcontainer,34,no,
00104066,euro-pallet,30,no,
00104067,euro-pallet,58,no,
00104068,rollcontainer,40,no,
00104069,euro-pallet,52,no,
00104070,rollcontainer,27,no,
00104071,rollcontainer,40,no,
00104072,rollcontainer,36,no,
00104073,euro-pallet,46,no,
00104074,euro-pallet,48,no,
00104075,euro-pallet,48,no,
00104076,euro-pallet,39,no,
00104077,rollcontainer,41,no,
00104078,rollcontainer,40,no,
00104079,euro-pallet,55,no,
00104080,rollcontainer,38,no,
00104081,euro-pallet,48,no,
00104082,euro-pallet,53,no,
00104083,euro-pallet,48,no,
00104084,rollcontainer,39,no,
00104085,rollcontainer,32,no,
00104086,rollcontainer,40,no,
00104087,rollcontainer,45,no,
00104088,euro-pallet,58,no,
00104089,euro-pallet,54,no,
00104090,rollcontainer,33,no,
00104091,rollcontainer,34,no,
00104092,euro-pallet,34,no,
00104093,rollcontainer,17,no,
00104094,euro-pallet,59,no,
00104095,euro-pallet,61,no,
00104096,euro-pallet,55,no,
00104097,rollcontainer,40,no,
00104098,rollcontainer,44,no,
00104099,rollcontainer,33,no,
00104100,rollcontainer,42,no,
00104101,rollcontainer,42,no,
00104102,euro-pallet,57,no,
00104103,euro-pallet,31,no,
00104104,rollcontainer,31,no,
00104105,rollcontainer,35,no,
00104106,rollcontainer,53,no,
00104107,euro-pallet,37,no,
00104108,rollcontainer,44,no,
00104109,rollcontainer,33,no,
00104110,euro-pallet,33,no,
00104111,rollcontainer,43,no,
00104112,euro-pallet,54,no,
00104113,euro-pallet,55,no,
00104114,euro-pallet,54,no,
00104115,euro-pallet,30,no,
00104116,rollcontainer,41,no,
00104117,euro-pallet,58,no,
00104118,euro-pallet,53,no,
00104119,euro-pallet,81,no,
00104120,rollcontainer,47,no,
00104121,euro-pallet,51,no,
00104122,rollcontainer,46,no,
00104123,rollcontainer,21,no,
00104124,rollcontainer,47,no,
00104125,rollcontainer,42,no,
00104126,rollcontainer,34,no,
00104127,euro-pallet,49,no,
00104128,rollcontainer,37,no,
00104129,euro-pallet,60,no,
00104130,euro-pallet,54,no,
00104131,euro-pallet,42,no,
00104132,euro-pallet,62,no,
00104133,rollcontainer,45,no,
00104134,euro-pallet,52,no,
00104135,rollcontainer,40,no,
00104136,rollcontainer,44,no,
00104137,euro-pallet,58,no,
00104138,rollcontainer,33,no,
00104139,rollcontainer,43,no,
00104140,euro-pallet,48,no,
00104141,euro-pallet,59,no,
00104142,rollcontainer,43,no,
00104143,euro-pallet,36,no,
00104144,euro-pallet,40,no,
00104145,rollcontainer,20,no,
00104146,euro-pallet,45,no,
00104147,rollcontainer,23,no,
00104148,euro-pallet,59,no,
00104149,rollcontainer,39,no,
00104150,rollcontainer,39,no,
00104151,rollcontainer,40,no,
00104152,rollcontainer,45,no,
00104153,rollcontainer,22,no,
00104154,rollcontainer,22,no,
00104155,euro-pallet,49,no,
00104156,euro-pallet,35,no,
00104157,euro-pallet,65,no,
00104158,rollcontainer,18,no,
00104159,rollcontainer,33,no,
00104160,rollcontainer,20,no,
00104161,euro-pallet,52,no,
00104162,rollcontainer,39,no,
00104163,euro-pallet,43,no,
00104164,rollcontainer,16,no,
00104165,euro-pallet,60,no,
00104166,euro-pallet,52,no,
00104167,euro-pallet,41,no,
00104168,rollcontainer,32,no,
00104169,euro-pallet,59,no,
00104170,rollcontainer,44,no,
00104171,euro-pallet,58,no,
00104172,rollcontainer,39,no,
00104173,rollcontainer,42,no,
00104174,euro-pallet,57,no,
00104175,euro-pallet,47,no,
00104176,euro-pallet,72,no,
00104177,rollcontainer,58,no,
00104178,euro-pallet,47,no,
00104179,euro-pallet,44,no,
00104180,euro-pallet,25,no,
00104181,euro-pallet,56,no,
00104182,rollcontainer,47,no,
00104183,rollcontainer,17,no,
00104184,rollcontainer,41,no,
00104185,euro-pallet,56,no,
00104186,euro-pallet,54,no,
00104187,rollcontainer,44,no,
00104188,rollcontainer,36,no,
00104189,euro-pallet,55,no,
00104190,euro-pallet,59,no,
00104191,euro-pallet,26,no,
00104192,rollcontainer,35,no,
00104193,euro-pallet,37,no,
00104194,euro-pallet,66,no,
00104195,rollcontainer,37,no,
00104196,rollcontainer,33,no,
00104197,rollcontainer,31,no,
00104198,euro-pallet,47,no,
00104199,rollcontainer,45,no,
00104200,rollcontainer,45,no,
00104201,rollcontainer,37,no,
00104202,euro-pallet,42,no,
00104203,rollcontainer,35,no,
00104204,euro-pallet,59,no,
00104205,euro-pallet,62,no,
00104206,rollcontainer,45,no,
00104207,euro-pallet,56,no,
00104208,euro-pallet,65,no,
00104209,rollcontainer,33,no,
00104210,euro-pallet,32,no,
00104211,rollcontainer,37,no,
00104212,rollcontainer,61,no,
00104213,rollcontainer,34,no,
00104214,euro-pallet,40,no,
00104215,rollcontainer,40,no,
00104216,euro-pallet,51,no,
00104217,euro-pallet,72,no,
00104218,rollcontainer,36,no,
00104219,euro-pallet,56,no,
00104220,rollcontainer,32,no,
00104221,rollcontainer,36,no,
00104222,rollcontainer,33,no,
00104223,euro-pallet,58,no,
00104224,rollcontainer,43,no,
00104225,euro-pallet,56,no,
00104226,euro-pallet,41,no,
00104227,euro-pallet,25,no,
00104228,rollcontainer,24,no,
00104229,rollcontainer,37,no,
00104230,euro-pallet,60,no,
00104231,euro-pallet,57,no,
00104232,euro-pallet,25,no,
00104233,rollcontainer,26,no,
00104234,euro-pallet,46,no,
00104235,euro-pallet,64,no,
00104236,rollcontainer,16,no,
00104237,rollcontainer,38,no,
00104238,rollcontainer,34,no,
00104239,rollcontainer,45,no,
00104240,euro-pallet,46,no,
00104241,euro-pallet,34,no,
00104242,euro-pallet,56,no,
00104243,rollcontainer,18,no,
00104244,euro-pallet,47,no,
00104245,euro-pallet,43,no,
00104246,rollcontainer,41,no,
00104247,euro-pallet,47,no,
00104248,euro-pallet,62,no,
00104249,euro-pallet,35,no,
00104250,rollcontainer,42,no,
00104251,rollcontainer,43,no,
00104252,euro-pallet,51,no,
00104253,euro-pallet,47,no,
00104254,euro-pallet,58,no,
00104255,euro-pallet,38,no,
00104256,rollcontainer,37,no,
00104257,rollcontainer,43,no,
00104258,euro-pallet,24,no,
00104259,euro-pallet,53,no,
00104260,rollcontainer,36,no,
00104261,euro-pallet,57,no,
00104262,euro-pallet,61,no,
00104263,rollcontainer,36,no,
00104264,rollcontainer,33,no,
00104265,euro-pallet,69,no,
00104266,rollcontainer,16,no,
00104267,euro-pallet,46,no,
00104268,rollcontainer,44,no,
00104269,rollcontainer,37,no,
00104270,rollcontainer,45,no,
00104271,euro-pallet,38,no,
00104272,euro-pallet,59,no,
00104273,euro-pallet,64,no,
00104274,rollcontainer,35,no,
00104275,rollcontainer,45,no,
00104276,rollcontainer,23,no,
00104277,euro-pallet,84,no,
00104278,euro-pallet,27,no,
00104279,euro-pallet,60,no,
00104280,euro-pallet,58,no,
00104281,rollcontainer,36,no,
00104282,euro-pallet,36,no,
00104283,rollcontainer,45,no,
00104284,euro-pallet,39,no,
00104285,rollcontainer,40,no,
00104286,euro-pallet,59,no,
00104287,euro-pallet,39,no,
00104288,rollcontainer,17,no,
00104289,rollcontainer,18,no,
00104290,euro-pallet,31,no,
00104291,rollcontainer,33,no,
00104292,euro-pallet,57,no,
00104293,euro-pallet,33,no,
00104294,rollcontainer,31,no,
00104295,euro-pallet,57,no,
00104296,rollcontainer,39,no,
00104297,euro-pallet,46,no,
00104298,rollcontainer,16,no,
00104299,euro-pallet,64,no,
00104300,rollcontainer,43,no,
00104301,euro-pallet,45,no,
00104302,rollcontainer,47,no,
00104303,rollcontainer,43,no,
00104304,rollcontainer,43,no,
00104305,euro-pallet,46,no,
00104306,euro-pallet,57,no,
00104307,euro-pallet,55,no,
00104308,rollcontainer,38,no,
00104309,rollcontainer,37,no,
00104310,rollcontainer,43,no,
00104311,euro-pallet,39,no,
00104312,euro-pallet,61,no,
00104313,rollcontainer,77,no,
00104314,euro-pallet,33,no,
00104315,rollcontainer,36,no,
00104316,euro-pallet,58,no,
00104317,rollcontainer,37,no,
00104318,rollcontainer,21,no,
00104319,rollcontainer,48,no,
00104320,rollcontainer,24,no,
00104321,rollcontainer,30,no,
00104322,euro-pallet,49,no,
00104323,euro-pallet,58,no,
00104324,rollcontainer,49,no,
00104325,rollcontainer,34,no,
00104326,euro-pallet,68,no,
00104327,euro-pallet,39,no,
00104328,euro-pallet,39,no,
00104329,rollcontainer,30,no,
00104330,rollcontainer,29,no,
00104331,euro-pallet,45,no,
00104332,rollcontainer,39,no,
00104333,euro-pallet,33,no,
00104334,euro-pallet,30,no,
00104335,rollcontainer,61,no,
00104336,rollcontainer,31,no,
00104337,euro-pallet,62,no,
00104338,euro-pallet,63,no,
00104339,rollcontainer,36,no,
00104340,rollcontainer,39,no,
00104341,rollcontainer,36,no,
00104342,rollcontainer,37,no,
00104343,euro-pallet,50,no,
00104344,rollcontainer,37,no,
00104345,rollcontainer,32,no,
00104346,euro-pallet,61,no,
00104347,euro-pallet,43,no,
00104348,rollcontainer,38,no,
00104349,rollcontainer,44,no,
00104350,rollcontainer,47,no,
00104351,rollcontainer,35,no,
00104352,euro-pallet,57,no,
00104353,rollcontainer,47,no,
00104354,rollcontainer,40,no,
00104355,euro-pallet,63,no,
00104356,euro-pallet,49,no,
00104357,euro-pallet,72,no,
00104358,rollcontainer,17,no,
00104359,rollcontainer,40,no,
00104360,rollcontainer,17,no,
00104361,rollcontainer,32,no,
00104362,rollcontainer,23,no,
00104363,rollcontainer,42,no,
00104364,rollcontainer,49,no,
00104365,euro-pallet,33,no,
00104366,euro-pallet,97,no,
00104367,rollcontainer,43,no,
00104368,euro-pallet,40,no,
00104369,euro-pallet,35,no,
00104370,euro-pallet,50,no,
00104371,euro-pallet,50,no,
00104372,rollcontainer,29,no,
00104373,rollcontainer,32,no,
00104374,euro-pallet,52,no,
00104375,euro-pallet,47,no,
00104376,rollcontainer,40,no,
00104377,rollcontainer,40,no,
00104378,euro-pallet,63,no,
00104379,euro-pallet,33,no,
00104380,rollcontainer,42,no,
00104381,rollcontainer,20,no,
00104382,euro-pallet,55,no,
00104383,rollcontainer,19,no,
00104384,rollcontainer,47,no,
00104385,rollcontainer,32,no,
00104386,rollcontainer,41,no,
00104387,rollcontainer,25,no,
00104388,euro-pallet,46,no,
00104389,euro-pallet,46,no,
00104390,euro-pallet,60,no,
00104391,euro-pallet,47,no,
00104392,rollcontainer,19,no,
00104393,rollcontainer,39,no,
00104394,euro-pallet,50,no,
00104395,rollcontainer,36,no,
00104396,rollcontainer,34,no,
00104397,rollcontainer,24,no,
00104398,rollcontainer,16,no,
00104399,rollcontainer,21,no,
00104400,rollcontainer,45,no,
00104401,rollcontainer,19,no,
00104402,rollcontainer,42,no,
00104403,rollcontainer,23,no,
00104404,rollcontainer,30,no,
00104405,euro-pallet,34,no,
00104406,rollcontainer,46,no,
00104407,rollcontainer,29,no,
00104408,rollcontainer,21,no,
00104409,rollcontainer,24,no,
00104410,euro-pallet,40,no,
00104411,rollcontainer,40,no,
00104412,euro-pallet,40,no,
00104413,euro-pallet,41,no,
00104414,rollcontainer,40,no,
00104415,rollcontainer,37,no,
00104416,rollcontainer,15,no,
00104417,rollcontainer,41,no,
00104418,rollcontainer,29,no,
00104419,euro-pallet,37,no,
00104420,rollcontainer,36,no,
00104421,euro-pallet,50,no,
00104422,euro-pallet,54,no,
00104423,euro-pallet,56,no,
00104424,rollcontainer,20,no,
00104425,rollcontainer,24,no,
00104426,rollcontainer,23,no,
00104427,rollcontainer,33,no,
00104428,euro-pallet,60,no,
00104429,euro-pallet,35,no,
00104430,rollcontainer,41,no,
00104431,rollcontainer,40,no,
00104432,euro-pallet,52,no,
00104433,euro-pallet,42,no,
00104434,rollcontainer,42,no,
00104435,rollcontainer,52,no,
00104436,rollcontainer,44,no,
00104437,euro-pallet,42,no,
00104438,rollcontainer,41,no,
00104439,euro-pallet,45,no,
00104440,rollcontainer,44,no,
00104441,rollcontainer,44,no,
00104442,rollcontainer,47,no,
00104443,euro-pallet,66,no,
00104444,rollcontainer,43,no,
00104445,rollcontainer,45,no,
00104446,euro-pallet,36,no,
00104447,rollcontainer,36,no,
00104448,euro-pallet,69,no,
00104449,rollcontainer,33,no,
00104450,euro-pallet,32,no,
00104451,rollcontainer,42,no,
00104452,rollcontainer,46,no,
00104453,euro-pallet,68,no,
00104454,rollcontainer,18,no,
00104455,rollcontainer,25,no,
00104456,rollcontainer,34,no,
00104457,euro-pallet,57,no,
00104458,rollcontainer,36,no,
00104459,rollcontainer,40,no,
00104460,euro-pallet,60,no,
00104461,euro-pallet,22,yes,bedbpp_order_00104461_euro-pallet.txt
00104462,rollcontainer,41,no,
00104463,rollcontainer,43,no,
00104464,rollcontainer,42,no,
00104465,euro-pallet,53,no,
00104466,rollcontainer,45,no,
00104467,euro-pallet,57,no,
00104468,rollcontainer,46,no,
00104469,rollcontainer,44,no,
00104470,rollcontainer,32,no,
00104471,rollcontainer,19,no,
00104472,rollcontainer,43,no,
00104473,euro-pallet,71,no,
00104474,euro-pallet,26,no,
00104475,euro-pallet,56,no,
00104476,rollcontainer,63,no,
00104477,euro-pallet,33,no,
00104478,rollcontainer,28,no,
00104479,euro-pallet,46,no,
00104480,euro-pallet,40,no,
00104481,euro-pallet,56,no,
00104482,rollcontainer,45,no,
00104483,rollcontainer,36,no,
00104484,rollcontainer,34,no,
00104485,euro-pallet,55,no,
00104486,euro-pallet,59,no,
00104487,euro-pallet,52,no,
00104488,euro-pallet,50,no,
00104489,euro-pallet,47,no,
00104490,rollcontainer,43,no,
00104491,euro-pallet,60,no,
00104492,rollcontainer,41,no,
00104493,euro-pallet,41,no,
00104494,rollcontainer,37,no,
00104495,rollcontainer,20,no,
00104496,rollcontainer,37,no,
00104497,euro-pallet,57,no,
00104498,euro-pallet,52,no,
00104499,rollcontainer,44,no,
00104500,euro-pallet,58,no,
00104501,euro-pallet,47,no,
00104502,rollcontainer,44,no,
00104503,rollcontainer,45,no,
00104504,euro-pallet,46,no,
00104505,euro-pallet,43,no,
00104506,euro-pallet,57,no,
00104507,euro-pallet,52,no,
00104508,rollcontainer,39,no,
00104509,euro-pallet,65,no,
00104510,euro-pallet,41,no,
00104511,rollcontainer,41,no,
00104512,euro-pallet,105,no,
00104513,rollcontainer,51,no,
00104514,euro-pallet,56,no,
00104515,rollcontainer,48,no,
00104516,euro-pallet,62,no,
00104517,euro-pallet,44,no,
00104518,rollcontainer,22,no,
00104519,rollcontainer,22,no,
00104520,rollcontainer,51,no,
00104521,rollcontainer,37,no,
00104522,euro-pallet,94,no,
00104523,euro-pallet,54,no,
00104524,rollcontainer,58,no,
00104525,rollcontainer,26,no,
00104526,euro-pallet,42,no,
00104527,euro-pallet,55,no,
00104528,rollcontainer,18,no,
00104529,euro-pallet,39,no,
00104530,euro-pallet,52,no,
00104531,rollcontainer,37,no,
00104532,euro-pallet,52,no,
00104533,rollcontainer,75,no,
00104534,euro-pallet,46,no,
00104535,euro-pallet,63,no,
00104536,euro-pallet,52,no,
00104537,euro-pallet,49,no,
00104538,rollcontainer,43,no,
00104539,rollcontainer,37,no,
00104540,euro-pallet,58,no,
00104541,euro-pallet,59,no,
00104542,rollcontainer,39,no,
00104543,rollcontainer,53,no,
00104544,euro-pallet,27,no,
00104545,euro-pallet,32,no,
00104546,euro-pallet,31,no,
00104547,rollcontainer,49,no,
00104548,euro-pallet,98,no,
00104549,rollcontainer,52,no,
00104550,rollcontainer,18,no,
00104551,rollcontainer,35,no,
00104552,rollcontainer,16,no,
00104553,rollcontainer,42,no,
00104554,rollcontainer,20,no,
00104555,rollcontainer,16,no,
00104556,rollcontainer,39,no,
00104557,rollcontainer,35,no,
00104558,rollcontainer,37,no,
00104559,rollcontainer,29,no,
00104560,euro-pallet,50,no,
00104561,rollcontainer,50,no,
00104562,euro-pallet,56,no,
00104563,euro-pallet,56,no,
00104564,rollcontainer,37,no,
00104565,euro-pallet,35,no,
00104566,rollcontainer,42,no,
00104567,euro-pallet,38,no,
00104568,rollcontainer,46,no,
00104569,euro-pallet,71,no,
00104570,rollcontainer,33,no,
00104571,rollcontainer,44,no,
00104572,euro-pallet,32,no,
00104573,rollcontainer,31,no,
00104574,euro-pallet,55,no,
00104575,rollcontainer,75,no,
00104576,rollcontainer,46,no,
00104577,rollcontainer,43,no,
00104578,rollcontainer,42,no,
00104579,euro-pallet,40,no,
00104580,euro-pallet,114,no,
00104581,euro-pallet,47,no,
00104582,euro-pallet,50,no,
00104583,euro-pallet,55,no,
00104584,euro-pallet,36,no,
00104585,rollcontainer,32,no,
00104586,rollcontainer,43,no,
00104587,rollcontainer,39,no,
00104588,euro-pallet,52,no,
00104589,rollcontainer,37,no,
00104590,euro-pallet,48,no,
00104591,rollcontainer,48,no,
00104592,euro-pallet,49,no,
00104593,euro-pallet,30,no,
00104594,rollcontainer,33,no,
00104595,euro-pallet,55,no,
00104596,euro-pallet,62,no,
00104597,rollcontainer,41,no,
00104598,rollcontainer,35,no,
00104599,rollcontainer,32,no,
00104600,rollcontainer,17,no,
00104601,rollcontainer,22,no,
00104602,rollcontainer,45,no,
00104603,euro-pallet,74,no,
00104604,euro-pallet,31,no,
00104605,euro-pallet,62,no,
00104606,rollcontainer,42,no,
00104607,euro-pallet,54,no,
00104608,rollcontainer,36,no,
00104609,euro-pallet,41,no,
00104610,euro-pallet,51,no,
00104611,euro-pallet,34,no,
00104612,euro-pallet,49,no,
00104613,euro-pallet,35,no,
00104614,euro-pallet,61,no,
00104615,rollcontainer,42,no,
00104616,rollcontainer,34,no,
00104617,rollcontainer,35,no,
00104618,rollcontainer,20,no,
00104619,euro-pallet,61,no,
00104620,euro-pallet,32,no,
00104621,rollcontainer,20,no,
00104622,euro-pallet,58,no,
00104623,euro-pallet,45,no,
00104624,euro-pallet,48,no,
00104625,rollcontainer,42,no,
00104626,euro-pallet,54,no,
00104627,rollcontainer,26,no,
00104628,euro-pallet,61,no,
00104629,rollcontainer,32,no,
00104630,euro-pallet,30,no,
00104631,rollcontainer,37,no,
00104632,euro-pallet,46,no,
00104633,euro-pallet,62,no,
00104634,rollcontainer,45,no,
00104635,euro-pallet,55,no,
00104636,rollcontainer,26,no,
00104637,rollcontainer,41,no,
00104638,rollcontainer,48,no,
00104639,euro-pallet,57,no,
00104640,euro-pallet,35,no,
00104641,rollcontainer,36,no,
00104642,euro-pallet,45,no,
00104643,euro-pallet,40,no,
00104644,rollcontainer,18,no,
00104645,rollcontainer,37,no,
00104646,euro-pallet,57,no,
00104647,euro-pallet,31,no,
00104648,euro-pallet,64,no,
00104649,rollcontainer,17,no,
00104650,euro-pallet,56,no,
00104651,rollcontainer,42,no,
00104652,euro-pallet,51,no,
00104653,euro-pallet,37,no,
00104654,rollcontainer,34,no,
00104655,rollcontainer,43,no,
00104656,euro-pallet,60,no,
00104657,rollcontainer,74,no,
00104658,rollcontainer,47,no,
00104659,euro-pallet,67,no,
00104660,rollcontainer,36,no,
00104661,rollcontainer,43,no,
00104662,rollcontainer,24,no,
00104663,rollcontainer,43,no,
00104664,euro-pallet,31,no,
00104665,rollcontainer,43,no,
00104666,rollcontainer,35,no,
00104667,euro-pallet,51,no,
00104668,rollcontainer,34,no,
00104669,rollcontainer,20,no,
00104670,euro-pallet,53,no,
00104671,euro-pallet,52,no,
00104672,euro-pallet,44,no,
00104673,rollcontainer,43,no,
00104674,euro-pallet,52,no,
00104675,rollcontainer,36,no,
00104676,euro-pallet,56,no,
00104677,rollcontainer,43,no,
00104678,rollcontainer,46,no,
00104679,rollcontainer,31,no,
00104680,rollcontainer,33,no,
00104681,rollcontainer,40,no,
00104682,rollcontainer,36,no,
00104683,euro-pallet,55,no,
00104684,rollcontainer,17,no,
00104685,euro-pallet,36,no,
00104686,euro-pallet,30,no,
00104687,rollcontainer,34,no,
00104688,euro-pallet,56,no,
00104689,rollcontainer,32,no,
00104690,euro-pallet,59,no,
00104691,euro-pallet,48,no,
00104692,rollcontainer,44,no,
00104693,euro-pallet,44,no,
00104694,euro-pallet,61,no,
00104695,rollcontainer,47,no,
00104696,euro-pallet,57,no,
00104697,euro-pallet,94,no,
00104698,rollcontainer,34,no,
00104699,rollcontainer,25,no,
00104700,rollcontainer,46,no,
00104701,euro-pallet,44,no,
00104702,rollcontainer,38,no,
00104703,rollcontainer,27,no,
00104704,euro-pallet,64,no,
00104705,rollcontainer,46,no,
00104706,rollcontainer,38,no,
00104707,rollcontainer,34,no,
00104708,rollcontainer,18,no,
00104709,euro-pallet,51,no,
00104710,rollcontainer,38,no,
00104711,euro-pallet,64,no,
00104712,euro-pallet,60,no,
00104713,euro-pallet,44,no,
00104714,rollcontainer,44,no,
00104715,euro-pallet,53,no,
00104716,rollcontainer,43,no,
00104717,euro-pallet,41,no,
00104718,euro-pallet,44,no,
00104719,rollcontainer,30,no,
00104720,rollcontainer,40,no,
00104721,rollcontainer,35,no,
00104722,euro-pallet,49,no,
00104723,euro-pallet,41,no,
00104724,rollcontainer,28,no,
00104725,rollcontainer,26,no,
00104726,euro-pallet,57,no,
00104727,euro-pallet,45,no,
00104728,euro-pallet,35,no,
00104729,rollcontainer,20,no,
00104730,euro-pallet,60,no,
00104731,euro-pallet,57,no,
00104732,rollcontainer,42,no,
00104733,rollcontainer,39,no,
00104734,rollcontainer,45,no,
00104735,rollcontainer,38,no,
00104736,rollcontainer,44,no,
00104737,rollcontainer,17,no,
00104738,rollcontainer,41,no,
00104739,rollcontainer,51,no,
00104740,euro-pallet,27,no,
00104741,euro-pallet,57,no,
00104742,rollcontainer,16,no,
00104743,euro-pallet,31,no,
00104744,euro-pallet,57,no,
00104745,rollcontainer,27,no,
00104746,rollcontainer,37,no,
00104747,euro-pallet,49,no,
00104748,euro-pallet,55,no,
00104749,rollcontainer,19,no,
00104750,rollcontainer,19,no,
00104751,euro-pallet,57,no,
00104752,euro-pallet,28,no,
00104753,rollcontainer,44,no,
00104754,euro-pallet,32,no,
00104755,euro-pallet,42,no,
00104756,rollcontainer,43,no,
00104757,euro-pallet,58,no,
00104758,rollcontainer,46,no,
00104759,rollcontainer,31,no,
00104760,euro-pallet,55,no,
00104761,euro-pallet,43,no,
00104762,euro-pallet,53,no,
00104763,rollcontainer,19,no,
00104764,euro-pallet,46,no,
00104765,rollcontainer,49,no,
00104766,rollcontainer,46,no,
00104767,euro-pallet,32,no,
00104768,rollcontainer,44,no,
00104769,euro-pallet,66,no,
00104770,rollcontainer,27,no,
00104771,euro-pallet,50,no,
00104772,rollcontainer,70,no,
00104773,euro-pallet,54,no,
00104774,rollcontainer,39,no,
00104775,rollcontainer,25,no,
00104776,rollcontainer,45,no,
00104777,rollcontainer,25,no,
00104778,euro-pallet,45,no,
00104779,rollcontainer,17,no,
00104780,rollcontainer,47,no,
00104781,euro-pallet,47,no,
00104782,rollcontainer,37,no,
00104783,euro-pallet,55,no,
00104784,rollcontainer,43,no,
00104785,rollcontainer,36,no,
00104786,rollcontainer,30,no,
00104787,euro-pallet,59,no,
00104788,rollcontainer,34,no,
00104789,rollcontainer,23,no,
00104790,euro-pallet,47,no,
00104791,euro-pallet,64,no,
00104792,rollcontainer,39,no,
00104793,rollcontainer,42,no,
00104794,rollcontainer,39,no,
00104795,euro-pallet,54,no,
00104796,euro-pallet,63,no,
00104797,euro-pallet,38,no,
00104798,rollcontainer,21,no,
00104799,euro-pallet,43,no,
00104800,euro-pallet,51,no,
00104801,rollcontainer,51,no,
00104802,rollcontainer,42,no,
00104803,rollcontainer,67,no,
00104804,rollcontainer,25,no,
00104805,rollcontainer,35,no,
00104806,euro-pallet,36,no,
00104807,rollcontainer,16,no,
00104808,euro-pallet,43,no,
00104809,euro-pallet,59,no,
00104810,euro-pallet,61,no,
00104811,rollcontainer,39,no,
00104812,rollcontainer,34,no,
00104813,euro-pallet,56,no,
00104814,euro-pallet,47,no,
00104815,euro-pallet,38,no,
00104816,euro-pallet,51,no,
00104817,euro-pallet,46,no,
00104818,euro-pallet,55,no,
00104819,rollcontainer,36,no,
00104820,rollcontainer,44,no,
00104821,rollcontainer,40,no,
00104822,euro-pallet,42,no,
00104823,rollcontainer,16,no,
00104824,rollcontainer,36,no,
00104825,rollcontainer,48,no,
00104826,euro-pallet,60,no,
00104827,euro-pallet,50,no,
00104828,euro-pallet,49,no,
00104829,euro-pallet,55,no,
00104830,euro-pallet,54,no,
00104831,euro-pallet,42,no,
00104832,euro-pallet,58,no,
00104833,euro-pallet,59,no,
00104834,rollcontainer,34,no,
00104835,rollcontainer,30,no,
00104836,rollcontainer,39,yes,bedbpp_order_00104836_rollcontainer.txt
00104837,euro-pallet,50,no,
00104838,euro-pallet,64,no,
00104839,rollcontainer,41,no,
00104840,euro-pallet,45,no,
00104841,euro-pallet,53,no,
00104842,euro-pallet,52,no,
00104843,rollcontainer,40,no,
00104844,rollcontainer,36,no,
00104845,rollcontainer,39,no,
00104846,euro-pallet,63,no,
00104847,rollcontainer,32,no,
00104848,rollcontainer,38,no,
00104849,euro-pallet,70,no,
00104850,euro-pallet,32,no,
00104851,euro-pallet,63,no,
00104852,rollcontainer,38,no,
00104853,euro-pallet,58,no,
00104854,euro-pallet,45,no,
00104855,rollcontainer,40,no,
00104856,euro-pallet,54,no,
00104857,euro-pallet,48,no,
00104858,euro-pallet,37,no,
00104859,rollcontainer,33,no,
00104860,euro-pallet,55,no,
00104861,euro-pallet,38,no,
00104862,rollcontainer,49,no,
00104863,rollcontainer,37,no,
00104864,rollcontainer,48,no,
00104865,euro-pallet,54,no,
00104866,rollcontainer,45,no,
00104867,euro-pallet,46,no,
00104868,rollcontainer,16,no,
00104869,rollcontainer,41,no,
00104870,euro-pallet,43,no,
00104871,rollcontainer,43,no,
00104872,euro-pallet,49,no,
00104873,euro-pallet,43,no,
00104874,rollcontainer,41,no,
00104875,rollcontainer,19,no,
00104876,euro-pallet,52,no,
00104877,rollcontainer,45,no,
00104878,rollcontainer,25,no,
00104879,rollcontainer,33,no,
00104880,rollcontainer,15,no,
00104881,euro-pallet,56,no,
00104882,rollcontainer,59,no,
00104883,rollcontainer,41,no,
00104884,rollcontainer,24,no,
00104885,euro-pallet,55,no,
00104886,euro-pallet,47,no,
00104887,rollcontainer,16,no,
00104888,rollcontainer,32,no,
00104889,rollcontainer,32,no,
00104890,rollcontainer,51,no,
00104891,rollcontainer,35,no,
00104892,euro-pallet,50,no,
00104893,rollcontainer,34,no,
00104894,rollcontainer,43,no,
00104895,rollcontainer,44,no,
00104896,rollcontainer,42,no,
00104897,euro-pallet,41,no,
00104898,euro-pallet,75,no,
00104899,rollcontainer,46,no,
00104900,euro-pallet,48,no,
00104901,euro-pallet,46,no,
00104902,rollcontainer,17,no,
00104903,euro-pallet,49,no,
00104904,euro-pallet,45,no,
00104905,euro-pallet,33,no,
00104906,euro-pallet,93,no,
00104907,euro-pallet,46,no,
00104908,rollcontainer,16,no,
00104909,rollcontainer,38,no,
00104910,rollcontainer,18,no,
00104911,rollcontainer,20,no,
00104912,euro-pallet,55,no,
00104913,euro-pallet,52,no,
00104914,euro-pallet,49,no,
00104915,rollcontainer,36,no,
00104916,euro-pallet,35,no,
00104917,rollcontainer,25,no,
00104918,rollcontainer,25,no,
00104919,rollcontainer,41,no,
00104920,euro-pallet,44,no,
00104921,rollcontainer,42,no,
00104922,euro-pallet,34,no,
00104923,euro-pallet,56,no,
00104924,euro-pallet,58,no,
00104925,rollcontainer,38,no,
00104926,rollcontainer,26,no,
00104927,rollcontainer,20,no,
00104928,rollcontainer,29,no,
00104929,rollcontainer,37,no,
00104930,euro-pallet,53,no,
00104931,rollcontainer,19,no,
00104932,rollcontainer,18,no,
00104933,euro-pallet,44,no,
00104934,rollcontainer,74,no,
00104935,rollcontainer,73,no,
00104936,rollcontainer,46,no,
00104937,rollcontainer,43,no,
00104938,euro-pallet,45,no,
00104939,rollcontainer,30,no,
00104940,euro-pallet,59,no,
00104941,rollcontainer,70,no,
00104942,euro-pallet,40,no,
00104943,rollcontainer,17,no,
00104944,rollcontainer,46,no,
00104945,rollcontainer,46,no,
00104946,euro-pallet,60,no,
00104947,euro-pallet,50,no,
00104948,euro-pallet,49,no,
00104949,euro-pallet,56,no,
00104950,euro-pallet,36,no,
00104951,rollcontainer,47,no,
00104952,rollcontainer,44,no,
00104953,euro-pallet,27,no,
00104954,euro-pallet,51,no,
00104955,rollcontainer,49,no,
00104956,rollcontainer,21,no,
00104957,euro-pallet,57,no,
00104958,euro-pallet,33,no,
00104959,rollcontainer,40,no,
00104960,rollcontainer,48,no,
00104961,euro-pallet,52,no,
00104962,euro-pallet,54,no,
00104963,euro-pallet,45,no,
00104964,euro-pallet,60,no,
00104965,euro-pallet,36,no,
00104966,euro-pallet,52,no,
00104967,euro-pallet,52,no,
00104968,rollcontainer,21,no,
00104969,rollcontainer,31,no,
00104970,euro-pallet,93,no,
00104971,euro-pallet,58,no,
00104972,rollcontainer,45,no,
00104973,euro-pallet,107,no,
00104974,euro-pallet,54,no,
00104975,euro-pallet,56,no,
00104976,euro-pallet,65,no,
00104977,rollcontainer,42,no,
00104978,euro-pallet,47,no,
00104979,rollcontainer,24,no,
00104980,rollcontainer,40,no,
00104981,rollcontainer,43,no,
00104982,rollcontainer,41,no,
00104983,rollcontainer,32,no,
00104984,rollcontainer,43,no,
00104985,rollcontainer,51,no,
00104986,rollcontainer,46,no,
00104987,euro-pallet,49,no,
00104988,euro-pallet,52,no,
00104989,rollcontainer,48,no,
00104990,rollcontainer,35,no,
00104991,rollcontainer,38,no,
00104992,rollcontainer,20,no,
00104993,rollcontainer,38,no,
00104994,rollcontainer,38,no,
00104995,rollcontainer,35,no,
00104996,rollcontainer,40,no,
00104997,rollcontainer,18,no,
00104998,rollcontainer,42,no,
00104999,rollcontainer,34,no,
00105000,euro-pallet,45,no,
00105001,rollcontainer,33,no,
00105002,rollcontainer,19,no,
00105003,rollcontainer,28,no,
00105004,euro-pallet,37,no,
00105005,rollcontainer,40,no,
00105006,euro-pallet,65,no,
00105007,euro-pallet,56,no,
00105008,rollcontainer,18,no,
00105009,rollcontainer,46,no,
00105010,euro-pallet,59,no,
00105011,rollcontainer,45,no,
00105012,rollcontainer,37,no,
00105013,rollcontainer,26,no,
00105014,euro-pallet,50,no,
00105015,rollcontainer,34,no,
00105016,rollcontainer,48,no,
00105017,rollcontainer,20,no,
00105018,euro-pallet,58,no,
00105019,euro-pallet,60,no,
00105020,rollcontainer,32,no,
00105021,rollcontainer,34,no,
00105022,rollcontainer,33,no,
00105023,rollcontainer,37,no,
00105024,euro-pallet,31,no,
00105025,euro-pallet,32,no,
00105026,rollcontainer,36,no,
00105027,rollcontainer,41,no,
00105028,euro-pallet,35,no,
00105029,rollcontainer,66,no,
00105030,rollcontainer,47,no,
00105031,euro-pallet,58,no,
00105032,euro-pallet,68,no,
00105033,euro-pallet,34,no,
00105034,rollcontainer,18,no,
00105035,rollcontainer,51,no,
00105036,rollcontainer,46,no,
00105037,rollcontainer,47,no,
00105038,euro-pallet,47,no,
00105039,euro-pallet,31,no,
00105040,rollcontainer,37,no,
00105041,rollcontainer,38,no,
00105042,rollcontainer,19,no,
00105043,euro-pallet,45,no,
00105044,rollcontainer,26,no,
00105045,rollcontainer,31,no,
00105046,rollcontainer,50,no,
00105047,rollcontainer,26,no,
00105048,euro-pallet,34,no,
00105049,rollcontainer,36,no,
00105050,euro-pallet,44,no,
00105051,euro-pallet,54,no,
00105052,euro-pallet,56,no,
00105053,rollcontainer,44,no,
00105054,euro-pallet,64,no,
00105055,rollcontainer,20,no,
00105056,rollcontainer,15,no,
00105057,euro-pallet,37,no,
00105058,rollcontainer,37,no,
00105059,euro-pallet,61,no,
00105060,euro-pallet,67,no,
00105061,rollcontainer,39,no,
00105062,rollcontainer,33,no,
00105063,rollcontainer,39,no,
00105064,rollcontainer,46,no,
00105065,rollcontainer,46,no,
00105066,euro-pallet,28,no,
00105067,rollcontainer,69,no,
00105068,rollcontainer,29,no,
00105069,rollcontainer,19,no,
00105070,rollcontainer,31,no,
00105071,euro-pallet,63,no,
00105072,rollcontainer,18,no,
00105073,rollcontainer,26,no,
00105074,euro-pallet,48,no,
00105075,rollcontainer,44,no,
00105076,rollcontainer,69,no,
00105077,rollcontainer,38,no,
00105078,euro-pallet,47,no,
00105079,euro-pallet,37,no,
00105080,rollcontainer,44,no,
00105081,euro-pallet,54,no,
00105082,euro-pallet,60,no,
00105083,euro-pallet,59,no,
00105084,rollcontainer,44,no,
00105085,rollcontainer,23,no,
00105086,rollcontainer,43,no,
00105087,rollcontainer,36,no,
00105088,euro-pallet,60,no,
00105089,rollcontainer,39,no,
00105090,rollcontainer,36,no,
00105091,rollcontainer,36,no,
00105092,rollcontainer,44,no,
00105093,rollcontainer,20,no,
00105094,euro-pallet,63,no,
00105095,rollcontainer,33,no,
00105096,euro-pallet,54,no,
00105097,rollcontainer,42,no,
00105098,rollcontainer,23,no,
00105099,rollcontainer,29,no,
00105100,euro-pallet,54,no,
00105101,rollcontainer,41,no,
00105102,euro-pallet,46,no,
00105103,euro-pallet,53,no,
00105104,rollcontainer,15,no,
00105105,rollcontainer,30,no,
00105106,rollcontainer,19,no,
00105107,euro-pallet,37,no,
00105108,rollcontainer,27,no,
00105109,euro-pallet,54,no,
00105110,rollcontainer,31,no,
00105111,rollcontainer,20,no,
00105112,euro-pallet,59,no,
00105113,euro-pallet,45,no,
00105114,euro-pallet,57,no,
00105115,euro-pallet,32,no,
00105116,rollcontainer,34,no,
00105117,euro-pallet,44,no,
00105118,rollcontainer,32,no,
00105119,euro-pallet,50,no,
00105120,rollcontainer,48,no,
00105121,euro-pallet,103,no,
00105122,rollcontainer,41,no,
00105123,euro-pallet,58,no,
00105124,rollcontainer,35,no,
00105125,rollcontainer,48,no,
00105126,euro-pallet,52,no,
00105127,euro-pallet,47,no,
00105128,euro-pallet,35,no,
00105129,euro-pallet,54,no,
00105130,rollcontainer,26,no,
00105131,euro-pallet,52,no,
00105132,rollcontainer,44,no,
00105133,euro-pallet,55,no,
00105134,rollcontainer,41,no,
00105135,rollcontainer,43,no,
00105136,euro-pallet,43,no,
00105137,rollcontainer,21,no,
00105138,rollcontainer,41,no,
00105139,rollcontainer,31,no,
00105140,rollcontainer,44,no,
00105141,rollcontainer,42,no,
00105142,euro-pallet,48,no,
00105143,rollcontainer,31,no,
00105144,euro-pallet,48,no,
00105145,rollcontainer,44,no,
00105146,rollcontainer,41,no,
00105147,rollcontainer,43,no,
00105148,euro-pallet,49,no,
00105149,euro-pallet,53,no,
00105150,rollcontainer,44,no,
00105151,euro-pallet,51,no,
00105152,rollcontainer,39,no,
00105153,rollcontainer,40,no,
00105154,euro-pallet,54,no,
00105155,euro-pallet,60,no,
00105156,rollcontainer,47,no,
00105157,euro-pallet,62,no,
00105158,rollcontainer,17,no,
00105159,euro-pallet,54,no,
00105160,rollcontainer,41,no,
00105161,rollcontainer,36,no,
00105162,euro-pallet,53,no,
00105163,rollcontainer,20,no,
00105164,euro-pallet,51,no,
00105165,rollcontainer,33,no,
00105166,euro-pallet,58,no,
00105167,rollcontainer,45,no,
00105168,euro-pallet,31,no,
00105169,euro-pallet,40,no,
00105170,euro-pallet,45,no,
00105171,rollcontainer,22,no,
00105172,euro-pallet,56,no,
00105173,rollcontainer,40,no,
00105174,rollcontainer,38,no,
00105175,rollcontainer,40,no,
00105176,euro-pallet,57,no,
00105177,euro-pallet,38,no,
00105178,euro-pallet,39,no,
00105179,rollcontainer,38,no,
00105180,rollcontainer,44,no,
00105181,rollcontainer,40,no,
00105182,rollcontainer,47,no,
00105183,euro-pallet,48,no,
00105184,euro-pallet,43,no,
00105185,rollcontainer,32,no,
00105186,euro-pallet,46,no,
00105187,rollcontainer,43,no,
00105188,rollcontainer,33,no,
00105189,rollcontainer,17,no,
00105190,rollcontainer,43,no,
00105191,rollcontainer,32,no,
00105192,euro-pallet,63,no,
00105193,euro-pallet,59,no,
00105194,rollcontainer,41,no,
00105195,rollcontainer,37,no,
00105196,rollcontainer,35,no,
00105197,euro-pallet,24,no,
00105198,rollcontainer,45,no,
00105199,rollcontainer,17,no,
00105200,rollcontainer,17,no,
00105201,euro-pallet,33,no,
00105202,euro-pallet,40,no,
00105203,euro-pallet,46,no,
00105204,euro-pallet,56,no,
00105205,euro-pallet,44,no,
00105206,rollcontainer,39,no,
00105207,rollcontainer,34,no,
00105208,rollcontainer,16,no,
00105209,rollcontainer,44,no,
00105210,euro-pallet,32,no,
00105211,euro-pallet,42,no,
00105212,euro-pallet,52,no,
00105213,rollcontainer,45,no,
00105214,rollcontainer,43,no,
00105215,rollcontainer,20,no,
00105216,euro-pallet,54,no,
00105217,rollcontainer,16,no,
00105218,rollcontainer,31,no,
00105219,rollcontainer,49,no,
00105220,euro-pallet,45,no,
00105221,euro-pallet,56,no,
00105222,rollcontainer,34,no,
00105223,rollcontainer,46,no,
00105224,rollcontainer,40,no,
00105225,rollcontainer,20,no,
00105226,euro-pallet,27,no,
00105227,rollcontainer,45,no,
00105228,euro-pallet,68,no,
00105229,rollcontainer,44,no,
00105230,euro-pallet,61,no,
00105231,euro-pallet,61,no,
00105232,euro-pallet,36,no,
00105233,euro-pallet,55,no,
00105234,euro-pallet,32,no,
00105235,euro-pallet,49,no,
00105236,euro-pallet,47,no,
00105237,rollcontainer,42,no,
00105238,rollcontainer,42,no,
00105239,rollcontainer,40,no,
00105240,euro-pallet,50,no,
00105241,rollcontainer,25,no,
00105242,euro-pallet,50,no,
00105243,rollcontainer,33,no,
00105244,rollcontainer,23,no,
00105245,rollcontainer,31,no,
00105246,euro-pallet,30,no,
00105247,rollcontainer,30,no,
00105248,rollcontainer,27,no,
00105249,rollcontainer,41,no,
00105250,euro-pallet,56,no,
00105251,euro-pallet,52,no,
00105252,rollcontainer,45,no,
00105253,euro-pallet,50,no,
00105254,rollcontainer,43,no,
00105255,rollcontainer,43,no,
00105256,rollcontainer,40,no,
00105257,euro-pallet,61,no,
00105258,rollcontainer,33,no,
00105259,rollcontainer,32,no,
00105260,rollcontainer,45,no,
00105261,euro-pallet,36,no,
00105262,rollcontainer,36,no,
00105263,euro-pallet,92,no,
00105264,rollcontainer,39,no,
00105265,euro-pallet,45,no,
00105266,rollcontainer,48,no,
00105267,euro-pallet,45,no,
00105268,euro-pallet,56,no,
00105269,rollcontainer,39,no,
00105270,euro-pallet,44,no,
00105271,euro-pallet,28,no,
00105272,rollcontainer,35,no,
00105273,euro-pallet,51,no,
00105274,euro-pallet,42,no,
00105275,rollcontainer,34,no,
00105276,rollcontainer,17,no,
00105277,rollcontainer,43,no,
00105278,rollcontainer,42,no,
00105279,euro-pallet,38,no,
00105280,euro-pallet,53,no,
00105281,euro-pallet,76,no,
00105282,euro-pallet,66,no,
00105283,euro-pallet,123,yes,bedbpp_order_00105283_euro-pallet.txt
00105284,rollcontainer,40,no,
00105285,euro-pallet,63,no,
00105286,rollcontainer,34,no,
00105287,euro-pallet,58,no,
00105288,euro-pallet,37,no,
00105289,rollcontainer,35,no,
00105290,euro-pallet,28,no,
00105291,euro-pallet,41,no,
00105292,euro-pallet,41,no,
00105293,rollcontainer,42,no,
00105294,euro-pallet,54,no,
00105295,euro-pallet,59,no,
00105296,euro-pallet,68,no,
00105297,euro-pallet,60,no,
00105298,rollcontainer,43,no,
00105299,rollcontainer,35,no,
00105300,euro-pallet,30,no,
00105301,euro-pallet,31,no,
00105302,euro-pallet,93,no,
00105303,euro-pallet,115,no,
00105304,rollcontainer,46,no,
00105305,euro-pallet,49,no,
00105306,rollcontainer,48,no,
00105307,rollcontainer,42,no,
00105308,rollcontainer,41,no,
00105309,euro-pallet,52,no,
00105310,rollcontainer,41,no,
00105311,euro-pallet,51,no,
00105312,euro-pallet,102,no,
00105313,euro-pallet,57,no,
00105314,euro-pallet,51,no,
00105315,rollcontainer,30,no,
00105316,euro-pallet,94,no,
00105317,rollcontainer,40,no,
00105318,rollcontainer,40,no,
00105319,rollcontainer,39,no,
00105320,rollcontainer,50,no,
00105321,rollcontainer,47,no,
00105322,euro-pallet,50,no,
00105323,euro-pallet,32,no,
00105324,rollcontainer,34,no,
00105325,rollcontainer,45,no,
00105326,euro-pallet,31,no,
00105327,rollcontainer,35,no,
00105328,rollcontainer,30,no,
00105329,rollcontainer,45,no,
00105330,rollcontainer,41,no,
00105331,rollcontainer,48,no,
00105332,rollcontainer,21,no,
00105333,rollcontainer,27,no,
00105334,euro-pallet,62,no,
00105335,euro-pallet,60,no,
00105336,rollcontainer,49,no,
00105337,rollcontainer,40,no,
00105338,rollcontainer,51,no,
00105339,euro-pallet,37,no,
00105340,rollcontainer,19,no,
00105341,rollcontainer,33,no,
00105342,rollcontainer,31,no,
00105343,rollcontainer,38,no,
00105344,rollcontainer,34,no,
00105345,rollcontainer,20,no,
00105346,rollcontainer,43,no,
00105347,rollcontainer,49,no,
00105348,rollcontainer,39,no,
00105349,rollcontainer,44,no,
00105350,euro-pallet,47,no,
00105351,rollcontainer,44,no,
00105352,euro-pallet,69,no,
00105353,rollcontainer,16,no,
00105354,euro-pallet,68,no,
00105355,rollcontainer,16,no,
00105356,euro-pallet,43,no,
00105357,euro-pallet,51,no,
00105358,rollcontainer,49,no,
00105359,euro-pallet,46,no,
00105360,euro-pallet,43,no,
00105361,rollcontainer,17,no,
00105362,rollcontainer,31,no,
00105363,rollcontainer,43,no,
00105364,euro-pallet,41,no,
00105365,euro-pallet,42,no,
00105366,euro-pallet,56,no,
00105367,euro-pallet,52,no,
00105368,rollcontainer,46,no,
00105369,rollcontainer,44,no,
00105370,rollcontainer,43,no,
00105371,rollcontainer,33,no,
00105372,rollcontainer,19,no,
00105373,euro-pallet,43,no,
00105374,rollcontainer,33,no,
00105375,euro-pallet,54,no,
00105376,rollcontainer,42,no,
00105377,euro-pallet,56,no,
00105378,euro-pallet,38,no,
00105379,rollcontainer,47,no,
00105380,rollcontainer,46,no,
00105381,rollcontainer,61,no,
00105382,rollcontainer,44,no,
00105383,rollcontainer,43,no,
00105384,euro-pallet,54,no,
00105385,rollcontainer,36,no,
00105386,rollcontainer,44,no,
00105387,euro-pallet,53,no,
00105388,rollcontainer,21,no,
00105389,rollcontainer,22,no,
00105390,euro-pallet,39,no,
00105391,euro-pallet,57,no,
00105392,rollcontainer,42,no,
00105393,euro-pallet,51,no,
00105394,euro-pallet,63,no,
00105395,euro-pallet,63,no,
00105396,euro-pallet,56,no,
00105397,rollcontainer,49,no,
00105398,rollcontainer,32,no,
00105399,rollcontainer,21,no,
00105400,euro-pallet,51,no,
00105401,rollcontainer,17,no,
00105402,euro-pallet,50,no,
00105403,euro-pallet,40,no,
00105404,rollcontainer,24,no,
00105405,euro-pallet,43,no,
00105406,rollcontainer,19,no,
00105407,rollcontainer,48,no,
00105408,rollcontainer,36,no,
00105409,rollcontainer,43,no,
00105410,rollcontainer,29,no,
00105411,rollcontainer,18,no,
00105412,euro-pallet,43,no,
00105413,rollcontainer,25,no,
00105414,rollcontainer,34,no,
00105415,rollcontainer,48,no,
00105416,euro-pallet,44,no,
00105417,rollcontainer,52,no,
00105418,rollcontainer,16,no,
00105419,euro-pallet,56,no,
00105420,euro-pallet,43,no,
00105421,rollcontainer,20,no,
00105422,euro-pallet,47,no,
00105423,euro-pallet,46,no,
00105424,euro-pallet,55,no,
00105425,euro-pallet,72,no,
00105426,rollcontainer,36,no,
00105427,rollcontainer,20,no,
00105428,euro-pallet,64,no,
00105429,rollcontainer,45,no,
00105430,rollcontainer,44,no,
00105431,rollcontainer,27,no,
00105432,rollcontainer,16,no,
00105433,rollcontainer,43,no,
00105434,rollcontainer,25,no,
00105435,euro-pallet,61,no,
00105436,rollcontainer,34,no,
00105437,euro-pallet,57,no,
00105438,euro-pallet,57,no,
00105439,rollcontainer,32,no,
00105440,rollcontainer,36,no,
00105441,rollcontainer,26,no,
00105442,euro-pallet,42,no,
00105443,euro-pallet,64,no,
00105444,rollcontainer,46,no,
00105445,rollcontainer,37,no,
00105446,rollcontainer,74,no,
00105447,rollcontainer,42,no,
00105448,euro-pallet,56,no,
00105449,euro-pallet,50,no,
00105450,rollcontainer,43,no,
00105451,rollcontainer,39,no,
00105452,euro-pallet,65,no,
00105453,rollcontainer,18,no,
00105454,rollcontainer,37,no,
00105455,euro-pallet,52,no,
00105456,rollcontainer,36,no,
00105457,euro-pallet,65,no,
00105458,euro-pallet,45,no,
00105459,rollcontainer,20,no,
00105460,euro-pallet,60,no,
00105461,euro-pallet,46,no,
00105462,rollcontainer,35,no,
00105463,euro-pallet,60,no,
00105464,rollcontainer,48,no,
00105465,rollcontainer,42,no,
00105466,rollcontainer,42,no,
00105467,euro-pallet,42,no,
00105468,rollcontainer,35,no,
00105469,euro-pallet,45,no,
00105470,euro-pallet,64,no,
00105471,euro-pallet,56,no,
00105472,euro-pallet,44,no,
00105473,rollcontainer,16,no,
00105474,rollcontainer,37,no,
00105475,rollcontainer,45,no,
00105476,rollcontainer,43,no,
00105477,rollcontainer,36,no,
00105478,euro-pallet,36,no,
00105479,euro-pallet,57,no,
00105480,rollcontainer,45,no,
00105481,rollcontainer,33,no,
00105482,euro-pallet,66,no,
00105483,rollcontainer,45,no,
00105484,euro-pallet,65,no,
00105485,rollcontainer,32,no,
00105486,euro-pallet,37,no,
00105487,rollcontainer,44,no,
00105488,rollcontainer,16,no,
00105489,euro-pallet,40,no,
00105490,rollcontainer,19,no,
00105491,euro-pallet,45,no,
00105492,rollcontainer,40,no,
00105493,rollcontainer,21,no,
00105494,rollcontainer,26,no,
00105495,rollcontainer,24,no,
00105496,euro-pallet,46,no,
00105497,rollcontainer,40,no,
00105498,euro-pallet,43,no,
00105499,rollcontainer,37,no,
00105500,euro-pallet,39,no,
00105501,rollcontainer,33,no,
00105502,euro-pallet,34,no,
00105503,euro-pallet,57,no,
00105504,rollcontainer,37,no,
00105505,euro-pallet,105,no,
00105506,rollcontainer,35,no,
00105507,rollcontainer,38,no,
00105508,euro-pallet,73,no,
00105509,euro-pallet,52,no,
00105510,euro-pallet,43,no,
00105511,rollcontainer,39,no,
00105512,euro-pallet,58,no,
00105513,rollcontainer,17,no,
00105514,euro-pallet,62,no,
00105515,euro-pallet,35,no,
00105516,euro-pallet,28,no,
00105517,euro-pallet,53,no,
00105518,euro-pallet,48,no,
00105519,rollcontainer,33,no,
00105520,rollcontainer,39,no,
00105521,rollcontainer,36,no,
00105522,rollcontainer,31,no,
00105523,rollcontainer,48,no,
00105524,euro-pallet,55,no,
00105525,rollcontainer,53,no,
00105526,rollcontainer,17,no,
00105527,rollcontainer,41,no,
00105528,euro-pallet,59,no,
00105529,rollcontainer,44,no,
00105530,rollcontainer,31,no,
00105531,rollcontainer,41,no,
00105532,euro-pallet,31,no,
00105533,euro-pallet,61,no,
00105534,rollcontainer,43,no,
00105535,rollcontainer,24,no,
00105536,rollcontainer,51,no,
00105537,euro-pallet,43,yes,bedbpp_order_00105537_euro-pallet.txt
00105538,euro-pallet,28,no,
00105539,rollcontainer,47,no,
00105540,rollcontainer,36,no,
00105541,rollcontainer,38,no,
00105542,euro-pallet,57,no,
00105543,rollcontainer,32,no,
00105544,rollcontainer,60,no,
00105545,euro-pallet,53,no,
00105546,rollcontainer,48,no,
00105547,rollcontainer,43,no,
00105548,euro-pallet,55,no,
00105549,euro-pallet,54,no,
00105550,euro-pallet,42,no,
00105551,rollcontainer,24,no,
00105552,rollcontainer,45,no,
00105553,euro-pallet,45,no,
00105554,euro-pallet,36,no,
00105555,rollcontainer,17,no,
00105556,euro-pallet,35,no,
00105557,euro-pallet,43,no,
00105558,rollcontainer,45,no,
00105559,rollcontainer,15,no,
00105560,rollcontainer,43,no,
00105561,rollcontainer,42,no,
00105562,rollcontainer,26,no,
00105563,rollcontainer,20,no,
00105564,rollcontainer,23,no,
00105565,rollcontainer,33,no,
00105566,rollcontainer,51,no,
00105567,euro-pallet,50,no,
00105568,euro-pallet,32,no,
00105569,rollcontainer,45,no,
00105570,rollcontainer,43,no,
00105571,rollcontainer,37,no,
00105572,rollcontainer,46,no,
00105573,rollcontainer,38,no,
00105574,rollcontainer,69,no,
00105575,euro-pallet,63,no,
00105576,rollcontainer,18,no,
00105577,euro-pallet,28,no,
00105578,euro-pallet,44,no,
00105579,euro-pallet,49,no,
00105580,rollcontainer,47,no,
00105581,rollcontainer,17,no,
00105582,euro-pallet,56,no,
00105583,euro-pallet,115,no,
00105584,euro-pallet,56,no,
00105585,euro-pallet,44,no,
00105586,euro-pallet,47,no,
00105587,rollcontainer,18,no,
00105588,rollcontainer,40,no,
00105589,rollcontainer,39,no,
00105590,euro-pallet,28,no,
00105591,rollcontainer,44,no,
00105592,rollcontainer,38,no,
00105593,rollcontainer,35,no,
00105594,rollcontainer,29,no,
00105595,euro-pallet,60,no,
00105596,rollcontainer,48,no,
00105597,euro-pallet,58,no,
00105598,rollcontainer,23,no,
00105599,euro-pallet,103,no,
00105600,rollcontainer,44,no,
00105601,rollcontainer,27,no,
00105602,euro-pallet,52,no,
00105603,euro-pallet,35,no,
00105604,rollcontainer,51,no,
00105605,euro-pallet,34,no,
00105606,euro-pallet,35,no,
00105607,euro-pallet,52,no,
00105608,euro-pallet,49,no,
00105609,euro-pallet,42,no,
00105610,rollcontainer,24,no,
00105611,rollcontainer,34,no,
00105612,euro-pallet,48,no,
00105613,euro-pallet,45,no,
00105614,euro-pallet,41,no,
00105615,euro-pallet,40,no,
00105616,euro-pallet,53,no,
00105617,euro-pallet,54,no,
00105618,rollcontainer,27,no,
00105619,rollcontainer,27,no,
00105620,rollcontainer,44,no,
00105621,rollcontainer,21,no,
00105622,euro-pallet,50,no,
00105623,rollcontainer,18,no,
00105624,rollcontainer,27,no,
00105625,rollcontainer,32,no,
00105626,rollcontainer,16,no,
00105627,rollcontainer,21,no,
00105628,rollcontainer,34,no,
00105629,rollcontainer,47,no,
00105630,euro-pallet,93,no,
00105631,rollcontainer,45,no,
00105632,euro-pallet,42,no,
00105633,euro-pallet,38,no,
00105634,rollcontainer,30,no,
00105635,euro-pallet,43,no,
00105636,euro-pallet,56,no,
00105637,euro-pallet,57,no,
00105638,rollcontainer,39,no,
00105639,euro-pallet,50,no,
00105640,rollcontainer,42,no,
00105641,rollcontainer,49,no,
00105642,rollcontainer,17,no,
00105643,rollcontainer,39,no,
00105644,euro-pallet,41,no,
00105645,rollcontainer,65,no,
00105646,rollcontainer,37,no,
00105647,euro-pallet,43,no,
00105648,rollcontainer,43,no,
00105649,euro-pallet,42,no,
00105650,rollcontainer,18,no,
00105651,rollcontainer,34,no,
00105652,euro-pallet,45,no,
00105653,rollcontainer,41,no,
00105654,rollcontainer,34,no,
00105655,euro-pallet,34,no,
00105656,euro-pallet,55,no,
00105657,rollcontainer,44,no,
00105658,euro-pallet,33,no,
00105659,euro-pallet,52,no,
00105660,euro-pallet,42,no,
00105661,euro-pallet,57,no,
00105662,euro-pallet,32,no,
00105663,euro-pallet,41,no,
00105664,rollcontainer,19,no,
00105665,euro-pallet,53,no,
00105666,euro-pallet,37,no,
00105667,rollcontainer,48,no,
00105668,rollcontainer,39,no,
00105669,rollcontainer,49,no,
00105670,euro-pallet,44,no,
00105671,euro-pallet,52,no,
00105672,rollcontainer,32,no,
00105673,rollcontainer,45,no,
00105674,euro-pallet,60,no,
00105675,euro-pallet,50,no,
00105676,euro-pallet,45,no,
00105677,euro-pallet,36,no,
00105678,rollcontainer,33,no,
00105679,euro-pallet,63,no,
00105680,rollcontainer,35,no,
00105681,euro-pallet,52,no,
00105682,rollcontainer,37,no,
00105683,euro-pallet,62,no,
00105684,rollcontainer,75,no,
00105685,euro-pallet,51,no,
00105686,rollcontainer,37,no,
00105687,rollcontainer,44,no,
00105688,euro-pallet,73,no,
00105689,euro-pallet,59,no,
00105690,rollcontainer,17,no,
00105691,rollcontainer,17,no,
00105692,euro-pallet,69,no,
00105693,rollcontainer,51,no,
00105694,rollcontainer,36,no,
00105695,rollcontainer,39,no,
00105696,rollcontainer,26,no,
00105697,euro-pallet,69,no,
00105698,rollcontainer,16,no,
00105699,rollcontainer,42,no,
00105700,euro-pallet,43,no,
00105701,rollcontainer,15,no,
00105702,rollcontainer,45,no,
00105703,euro-pallet,55,no,
00105704,rollcontainer,34,no,
00105705,euro-pallet,36,no,
00105706,euro-pallet,52,no,
00105707,euro-pallet,61,no,
00105708,rollcontainer,47,no,
00105709,euro-pallet,55,no,
00105710,rollcontainer,38,no,
00105711,rollcontainer,40,no,
00105712,rollcontainer,39,no,
00105713,rollcontainer,39,no,
00105714,rollcontainer,34,no,
00105715,euro-pallet,50,no,
00105716,rollcontainer,42,no,
00105717,euro-pallet,46,no,
00105718,rollcontainer,43,no,
00105719,rollcontainer,49,no,
00105720,rollcontainer,37,no,
00105721,rollcontainer,43,no,
00105722,rollcontainer,44,no,
00105723,rollcontainer,45,no,
00105724,rollcontainer,36,no,
00105725,rollcontainer,40,no,
00105726,rollcontainer,40,no,
00105727,rollcontainer,19,no,
00105728,euro-pallet,31,no,
00105729,euro-pallet,48,no,
00105730,rollcontainer,19,no,
00105731,rollcontainer,38,no,
00105732,rollcontainer,37,no,
00105733,rollcontainer,37,no,
00105734,rollcontainer,44,no,
00105735,rollcontainer,28,no,
00105736,rollcontainer,42,no,
00105737,rollcontainer,40,no,
00105738,euro-pallet,68,no,
00105739,rollcontainer,42,no,
00105740,rollcontainer,20,no,
00105741,rollcontainer,35,no,
00105742,euro-pallet,46,no,
00105743,euro-pallet,60,no,
00105744,rollcontainer,42,no,
00105745,euro-pallet,47,no,
00105746,rollcontainer,34,no,
00105747,euro-pallet,62,no,
00105748,rollcontainer,44,no,
00105749,euro-pallet,33,no,
00105750,rollcontainer,49,no,
00105751,rollcontainer,38,no,
00105752,euro-pallet,58,no,
00105753,euro-pallet,51,no,
00105754,rollcontainer,36,no,
00105755,rollcontainer,34,no,
00105756,rollcontainer,48,no,
00105757,rollcontainer,30,no,
00105758,euro-pallet,53,no,
00105759,rollcontainer,47,no,
00105760,euro-pallet,52,no,
00105761,euro-pallet,54,no,
00105762,rollcontainer,37,no,
00105763,euro-pallet,58,no,
00105764,rollcontainer,32,no,
00105765,euro-pallet,52,no,
00105766,rollcontainer,38,no,
00105767,rollcontainer,46,no,
00105768,rollcontainer,20,no,
00105769,euro-pallet,47,no,
00105770,rollcontainer,33,no,
00105771,rollcontainer,32,no,
00105772,rollcontainer,21,no,
00105773,euro-pallet,60,no,
00105774,rollcontainer,31,no,
00105775,rollcontainer,36,no,
00105776,rollcontainer,41,no,
00105777,rollcontainer,18,no,
00105778,rollcontainer,41,no,
00105779,euro-pallet,47,no,
00105780,euro-pallet,44,no,
00105781,rollcontainer,45,no,
00105782,rollcontainer,32,no,
00105783,euro-pallet,47,no,
00105784,rollcontainer,35,no,
00105785,rollcontainer,40,no,
00105786,euro-pallet,55,no,
00105787,euro-pallet,32,no,
00105788,euro-pallet,54,no,
00105789,euro-pallet,66,no,
00105790,rollcontainer,51,no,
00105791,euro-pallet,29,no,
00105792,euro-pallet,56,no,
00105793,rollcontainer,35,no,
00105794,rollcontainer,35,no,
00105795,euro-pallet,37,no,
00105796,euro-pallet,60,no,
00105797,euro-pallet,65,no,
00105798,euro-pallet,56,no,
00105799,euro-pallet,44,no,
00105800,euro-pallet,46,no,
00105801,euro-pallet,55,no,
00105802,euro-pallet,50,no,
00105803,rollcontainer,36,no,
00105804,rollcontainer,45,no,
00105805,rollcontainer,67,no,
00105806,rollcontainer,43,no,
00105807,rollcontainer,38,no,
00105808,rollcontainer,33,no,
00105809,euro-pallet,65,no,
00105810,rollcontainer,42,no,
00105811,rollcontainer,37,no,
00105812,rollcontainer,37,no,
00105813,euro-pallet,44,no,
00105814,euro-pallet,47,no,
00105815,euro-pallet,49,no,
00105816,rollcontainer,20,no,
00105817,euro-pallet,53,no,
00105818,euro-pallet,32,no,
00105819,euro-pallet,49,no,
00105820,euro-pallet,43,no,
00105821,euro-pallet,46,no,
00105822,rollcontainer,34,no,
00105823,euro-pallet,34,no,
00105824,rollcontainer,34,no,
00105825,rollcontainer,50,no,
00105826,euro-pallet,52,no,
00105827,euro-pallet,53,no,
00105828,rollcontainer,38,no,
00105829,rollcontainer,22,no,
00105830,rollcontainer,16,no,
00105831,euro-pallet,61,no,
00105832,rollcontainer,37,no,
00105833,rollcontainer,44,no,
00105834,euro-pallet,63,no,
00105835,euro-pallet,50,no,
00105836,euro-pallet,60,no,
00105837,euro-pallet,61,no,
00105838,euro-pallet,58,no,
00105839,euro-pallet,46,no,
00105840,rollcontainer,41,no,
00105841,rollcontainer,39,no,
00105842,rollcontainer,31,no,
00105843,euro-pallet,51,no,
00105844,euro-pallet,48,no,
00105845,euro-pallet,53,no,
00105846,euro-pallet,61,no,
00105847,rollcontainer,44,no,
00105848,rollcontainer,36,no,
00105849,rollcontainer,21,no,
00105850,euro-pallet,34,no,
00105851,euro-pallet,49,no,
00105852,euro-pallet,46,no,
00105853,rollcontainer,41,no,
00105854,rollcontainer,20,no,
00105855,euro-pallet,53,no,
00105856,euro-pallet,116,no,
00105857,euro-pallet,41,no,
00105858,euro-pallet,54,no,
00105859,euro-pallet,48,no,
00105860,rollcontainer,37,no,
00105861,rollcontainer,51,no,
00105862,rollcontainer,18,no,
00105863,euro-pallet,54,no,
00105864,rollcontainer,41,no,
00105865,rollcontainer,39,no,
00105866,rollcontainer,40,no,
00105867,rollcontainer,41,no,
00105868,rollcontainer,47,no,
00105869,rollcontainer,35,no,
00105870,euro-pallet,59,no,
00105871,euro-pallet,60,no,
00105872,euro-pallet,54,no,
00105873,rollcontainer,31,no,
00105874,euro-pallet,60,no,
00105875,euro-pallet,39,no,
00105876,rollcontainer,41,no,
00105877,euro-pallet,42,no,
00105878,euro-pallet,58,no,
00105879,rollcontainer,47,no,
00105880,euro-pallet,30,no,
00105881,rollcontainer,33,no,
00105882,euro-pallet,45,no,
00105883,euro-pallet,39,no,
00105884,rollcontainer,70,no,
00105885,rollcontainer,35,no,
00105886,rollcontainer,50,no,
00105887,euro-pallet,53,no,
00105888,euro-pallet,47,no,
00105889,euro-pallet,54,no,
00105890,rollcontainer,37,no,
00105891,euro-pallet,82,no,
00105892,euro-pallet,55,no,
00105893,rollcontainer,22,no,
00105894,rollcontainer,47,no,
00105895,rollcontainer,34,no,
00105896,euro-pallet,62,no,
00105897,rollcontainer,31,no,
00105898,euro-pallet,36,no,
00105899,euro-pallet,53,no,
00105900,euro-pallet,57,no,
00105901,euro-pallet,53,no,
00105902,euro-pallet,56,no,
00105903,rollcontainer,39,no,
00105904,rollcontainer,45,no,
00105905,euro-pallet,52,no,
00105906,euro-pallet,68,no,
00105907,euro-pallet,53,no,
00105908,rollcontainer,42,no,
00105909,rollcontainer,20,no,
00105910,euro-pallet,60,no,
00105911,euro-pallet,41,no,
00105912,rollcontainer,40,no,
00105913,euro-pallet,43,no,
00105914,euro-pallet,52,no,
00105915,euro-pallet,38,no,
00105916,euro-pallet,59,no,
00105917,rollcontainer,37,no,
00105918,rollcontainer,43,no,
00105919,rollcontainer,32,no,
00105920,euro-pallet,56,no,
00105921,euro-pallet,46,no,
00105922,rollcontainer,45,no,
00105923,euro-pallet,26,no,
00105924,rollcontainer,47,no,
00105925,rollcontainer,45,no,
00105926,euro-pallet,56,no,
00105927,rollcontainer,18,no,
00105928,euro-pallet,38,no,
00105929,euro-pallet,54,no,
00105930,rollcontainer,43,no,
00105931,rollcontainer,34,no,
00105932,euro-pallet,32,no,
00105933,rollcontainer,16,no,
00105934,euro-pallet,63,no,
00105935,rollcontainer,47,no,
00105936,euro-pallet,54,no,
00105937,rollcontainer,41,no,
00105938,rollcontainer,29,no,
00105939,rollcontainer,18,no,
00105940,rollcontainer,16,no,
00105941,rollcontainer,15,no,
00105942,euro-pallet,54,no,
00105943,rollcontainer,50,no,
00105944,rollcontainer,25,no,
00105945,euro-pallet,57,no,
00105946,rollcontainer,29,no,
00105947,rollcontainer,46,no,
00105948,euro-pallet,54,no,
00105949,euro-pallet,28,no,
00105950,euro-pallet,42,no,
00105951,rollcontainer,35,no,
00105952,rollcontainer,46,no,
00105953,rollcontainer,23,no,
00105954,rollcontainer,19,no,
00105955,rollcontainer,19,no,
00105956,euro-pallet,33,no,
00105957,euro-pallet,50,no,
00105958,rollcontainer,49,no,
00105959,euro-pallet,56,no,
00105960,rollcontainer,35,no,
00105961,rollcontainer,40,no,
00105962,rollcontainer,34,no,
00105963,rollcontainer,43,no,
00105964,rollcontainer,19,no,
00105965,rollcontainer,47,no,
00105966,euro-pallet,58,no,
00105967,rollcontainer,33,no,
00105968,rollcontainer,59,no,
00105969,euro-pallet,76,no,
00105970,euro-pallet,52,no,
00105971,rollcontainer,31,no,
00105972,rollcontainer,32,no,
00105973,rollcontainer,40,no,
00105974,euro-pallet,51,no,
00105975,rollcontainer,36,no,
00105976,rollcontainer,33,no,
00105977,rollcontainer,58,no,
00105978,euro-pallet,50,no,
00105979,euro-pallet,60,no,
00105980,euro-pallet,40,no,
00105981,rollcontainer,35,no,
00105982,euro-pallet,55,no,
00105983,euro-pallet,43,no,
00105984,rollcontainer,39,no,
00105985,euro-pallet,53,no,
00105986,rollcontainer,19,no,
00105987,euro-pallet,87,no,
00105988,rollcontainer,42,no,
00105989,euro-pallet,37,no,
00105990,rollcontainer,31,no,
00105991,euro-pallet,52,no,
00105992,rollcontainer,45,no,
00105993,rollcontainer,19,no,
00105994,euro-pallet,54,no,
00105995,euro-pallet,59,no,
00105996,rollcontainer,43,no,
00105997,rollcontainer,39,no,
00105998,rollcontainer,23,no,
00105999,rollcontainer,49,no,
00106000,rollcontainer,31,no,
00106001,euro-pallet,58,no,
00106002,euro-pallet,64,no,
00106003,rollcontainer,36,no,
00106004,euro-pallet,46,no,
00106005,euro-pallet,44,no,
00106006,euro-pallet,58,no,
00106007,rollcontainer,47,no,
00106008,euro-pallet,29,no,
00106009,euro-pallet,66,no,
00106010,euro-pallet,117,no,
00106011,rollcontainer,47,no,
00106012,rollcontainer,34,no,
00106013,euro-pallet,51,no,
00106014,euro-pallet,53,no,
00106015,rollcontainer,30,no,
00106016,euro-pallet,59,no,
00106017,euro-pallet,58,no,
00106018,euro-pallet,40,no,
00106019,rollcontainer,43,no,
00106020,euro-pallet,117,no,
00106021,euro-pallet,62,no,
00106022,euro-pallet,40,no,
00106023,rollcontainer,35,no,
00106024,euro-pallet,46,no,
00106025,euro-pallet,46,no,
00106026,euro-pallet,46,no,
00106027,rollcontainer,35,no,
00106028,euro-pallet,33,no,
00106029,rollcontainer,34,no,
00106030,euro-pallet,52,no,
00106031,rollcontainer,31,no,
00106032,rollcontainer,36,no,
00106033,euro-pallet,56,no,
00106034,rollcontainer,45,no,
00106035,rollcontainer,49,no,
00106036,euro-pallet,63,no,
00106037,euro-pallet,43,no,
00106038,rollcontainer,46,no,
00106039,rollcontainer,21,no,
00106040,euro-pallet,39,no,
00106041,rollcontainer,43,no,
00106042,rollcontainer,42,no,
00106043,rollcontainer,20,no,
00106044,rollcontainer,36,no,
00106045,rollcontainer,16,no,
00106046,euro-pallet,57,no,
00106047,euro-pallet,62,no,
00106048,rollcontainer,48,no,
00106049,rollcontainer,40,no,
00106050,rollcontainer,33,no,
00106051,rollcontainer,47,no,
00106052,rollcontainer,43,no,
00106053,euro-pallet,52,no,
00106054,euro-pallet,40,no,
00106055,euro-pallet,46,no,
00106056,euro-pallet,61,no,
00106057,rollcontainer,42,no,
00106058,euro-pallet,51,no,
00106059,rollcontainer,18,no,
00106060,rollcontainer,51,no,
00106061,rollcontainer,43,no,
00106062,euro-pallet,44,no,
00106063,rollcontainer,45,no,
00106064,euro-pallet,55,no,
00106065,euro-pallet,51,no,
00106066,euro-pallet,53,no,
00106067,rollcontainer,37,no,
00106068,rollcontainer,19,no,
00106069,rollcontainer,44,no,
00106070,rollcontainer,17,no,
00106071,rollcontainer,46,no,
00106072,euro-pallet,54,no,
00106073,rollcontainer,30,no,
00106074,euro-pallet,56,no,
00106075,rollcontainer,67,no,
00106076,euro-pallet,47,no,
00106077,rollcontainer,48,no,
00106078,euro-pallet,37,no,
00106079,rollcontainer,39,no,
00106080,rollcontainer,43,no,
00106081,rollcontainer,36,no,
00106082,rollcontainer,42,no,
00106083,euro-pallet,34,no,
00106084,rollcontainer,19,no,
00106085,euro-pallet,31,no,
00106086,rollcontainer,43,no,
00106087,rollcontainer,17,no,
00106088,euro-pallet,56,no,
00106089,euro-pallet,57,no,
00106090,euro-pallet,70,no,
00106091,rollcontainer,48,no,
00106092,rollcontainer,44,no,
00106093,euro-pallet,29,no,
00106094,rollcontainer,45,no,
00106095,euro-pallet,39,no,
00106096,euro-pallet,48,no,
00106097,rollcontainer,42,no,
00106098,euro-pallet,52,no,
00106099,rollcontainer,32,no,
00106100,rollcontainer,45,no,
00106101,euro-pallet,50,no,
00106102,euro-pallet,53,no,
00106103,euro-pallet,33,no,
00106104,euro-pallet,56,no,
00106105,euro-pallet,66,no,
00106106,rollcontainer,32,no,
00106107,euro-pallet,38,no,
00106108,rollcontainer,40,no,
00106109,euro-pallet,52,no,
00106110,euro-pallet,62,no,
00106111,rollcontainer,40,no,
00106112,rollcontainer,42,no,
00106113,rollcontainer,43,no,
00106114,euro-pallet,30,no,
00106115,euro-pallet,40,no,
00106116,rollcontainer,18,no,
00106117,rollcontainer,35,no,
00106118,euro-pallet,50,no,
00106119,euro-pallet,33,no,
00106120,rollcontainer,25,no,
00106121,euro-pallet,27,no,
00106122,rollcontainer,44,no,
00106123,rollcontainer,16,no,
00106124,rollcontainer,43,no,
00106125,euro-pallet,59,no,
00106126,rollcontainer,39,no,
00106127,euro-pallet,43,no,
00106128,rollcontainer,42,no,
00106129,rollcontainer,40,no,
00106130,rollcontainer,48,no,
00106131,euro-pallet,54,no,
00106132,rollcontainer,31,no,
00106133,euro-pallet,66,no,
00106134,euro-pallet,44,no,
00106135,rollcontainer,51,no,
00106136,rollcontainer,37,no,
00106137,rollcontainer,18,no,
00106138,euro-pallet,60,no,
00106139,euro-pallet,53,no,
00106140,rollcontainer,34,no,
00106141,rollcontainer,21,no,
00106142,euro-pallet,56,no,
00106143,euro-pallet,44,no,
00106144,euro-pallet,57,no,
00106145,euro-pallet,56,no,
00106146,euro-pallet,62,no,
00106147,euro-pallet,61,no,
00106148,euro-pallet,70,no,
00106149,euro-pallet,59,no,
00106150,euro-pallet,48,no,
00106151,rollcontainer,41,no,
00106152,euro-pallet,66,no,
00106153,rollcontainer,39,no,
00106154,rollcontainer,35,no,
00106155,rollcontainer,48,no,
00106156,rollcontainer,32,no,
00106157,rollcontainer,46,no,
00106158,euro-pallet,46,no,
00106159,euro-pallet,43,no,
00106160,rollcontainer,41,no,
00106161,rollcontainer,34,no,
00106162,rollcontainer,39,no,
00106163,rollcontainer,45,no,
00106164,euro-pallet,55,no,
00106165,rollcontainer,47,no,
00106166,rollcontainer,20,no,
00106167,rollcontainer,20,no,
00106168,euro-pallet,51,no,
00106169,rollcontainer,50,no,
00106170,rollcontainer,35,no,
00106171,rollcontainer,20,no,
00106172,euro-pallet,41,no,
00106173,rollcontainer,45,no,
00106174,rollcontainer,44,no,
00106175,rollcontainer,46,no,
00106176,rollcontainer,39,no,
00106177,rollcontainer,43,no,
00106178,euro-pallet,62,no,
00106179,rollcontainer,39,no,
00106180,euro-pallet,53,no,
00106181,euro-pallet,38,no,
00106182,euro-pallet,56,no,
00106183,rollcontainer,33,no,
00106184,euro-pallet,38,no,
00106185,euro-pallet,47,no,
00106186,euro-pallet,49,no,
00106187,euro-pallet,58,no,
00106188,euro-pallet,44,no,
00106189,rollcontainer,20,no,
00106190,euro-pallet,58,no,
00106191,rollcontainer,19,no,
00106192,rollcontainer,47,no,
00106193,euro-pallet,46,no,
00106194,rollcontainer,46,no,
00106195,rollcontainer,42,no,
00106196,euro-pallet,54,no,
00106197,rollcontainer,41,no,
00106198,rollcontainer,17,no,
00106199,rollcontainer,35,no,
00106200,euro-pallet,31,no,
00106201,rollcontainer,44,no,
00106202,rollcontainer,18,no,
00106203,rollcontainer,47,no,
00106204,rollcontainer,45,no,
00106205,euro-pallet,37,no,
00106206,euro-pallet,43,no,
00106207,rollcontainer,34,no,
00106208,rollcontainer,20,no,
00106209,rollcontainer,17,no,
00106210,euro-pallet,62,no,
00106211,rollcontainer,48,no,
00106212,rollcontainer,43,no,
00106213,euro-pallet,57,no,
00106214,rollcontainer,44,no,
00106215,euro-pallet,53,no,
00106216,euro-pallet,65,no,
00106217,rollcontainer,39,no,
00106218,rollcontainer,22,no,
00106219,rollcontainer,41,no,
00106220,rollcontainer,36,no,
00106221,rollcontainer,35,no,
00106222,euro-pallet,31,no,
00106223,rollcontainer,24,no,
00106224,rollcontainer,46,no,
00106225,rollcontainer,16,no,
00106226,euro-pallet,49,no,
00106227,rollcontainer,35,no,
00106228,euro-pallet,54,no,
00106229,euro-pallet,30,no,
00106230,rollcontainer,39,no,
00106231,rollcontainer,29,no,
00106232,rollcontainer,43,no,
00106233,euro-pallet,37,no,
00106234,euro-pallet,38,no,
00106235,euro-pallet,52,no,
00106236,rollcontainer,47,no,
00106237,rollcontainer,16,no,
00106238,euro-pallet,59,no,
00106239,rollcontainer,46,no,
00106240,euro-pallet,56,no,
00106241,euro-pallet,58,no,
00106242,rollcontainer,41,no,
00106243,euro-pallet,35,no,
00106244,euro-pallet,71,no,
00106245,euro-pallet,62,no,
00106246,rollcontainer,39,no,
00106247,euro-pallet,37,no,
00106248,euro-pallet,50,no,
00106249,euro-pallet,54,no,
00106250,euro-pallet,64,no,
00106251,rollcontainer,33,no,
00106252,rollcontainer,33,no,
00106253,rollcontainer,35,no,
00106254,euro-pallet,63,no,
00106255,euro-pallet,54,no,
00106256,rollcontainer,29,no,
00106257,rollcontainer,40,no,
00106258,euro-pallet,82,no,
00106259,euro-pallet,44,no,
00106260,euro-pallet,54,no,
00106261,euro-pallet,58,no,
00106262,rollcontainer,38,no,
00106263,euro-pallet,34,no,
00106264,euro-pallet,59,no,
00106265,euro-pallet,50,no,
00106266,rollcontainer,39,no,
00106267,euro-pallet,36,no,
00106268,euro-pallet,51,no,
00106269,rollcontainer,41,no,
00106270,rollcontainer,38,no,
00106271,rollcontainer,39,no,
00106272,euro-pallet,59,no,
00106273,euro-pallet,58,no,
00106274,rollcontainer,22,no,
00106275,rollcontainer,35,no,
00106276,rollcontainer,41,no,
00106277,euro-pallet,41,no,
00106278,rollcontainer,40,no,
00106279,euro-pallet,54,no,
00106280,rollcontainer,32,no,
00106281,euro-pallet,49,no,
00106282,rollcontainer,43,no,
00106283,euro-pallet,44,no,
00106284,rollcontainer,17,no,
00106285,rollcontainer,38,no,
00106286,euro-pallet,49,no,
00106287,euro-pallet,59,no,
00106288,rollcontainer,33,no,
00106289,rollcontainer,46,no,
00106290,euro-pallet,45,no,
00106291,rollcontainer,21,no,
00106292,rollcontainer,35,no,
00106293,euro-pallet,39,no,
00106294,rollcontainer,25,no,
00106295,euro-pallet,48,no,
00106296,euro-pallet,38,no,
00106297,rollcontainer,28,no,
00106298,rollcontainer,45,no,
00106299,euro-pallet,58,no,
00106300,rollcontainer,36,no,
00106301,euro-pallet,48,no,
00106302,rollcontainer,43,no,
00106303,euro-pallet,64,no,
00106304,euro-pallet,39,no,
00106305,euro-pallet,48,no,
00106306,euro-pallet,50,no,
00106307,euro-pallet,50,no,
00106308,rollcontainer,48,no,
00106309,rollcontainer,38,no,
00106310,euro-pallet,39,no,
00106311,euro-pallet,73,no,
00106312,rollcontainer,35,no,
00106313,euro-pallet,63,no,
00106314,rollcontainer,33,no,
00106315,euro-pallet,82,no,
00106316,rollcontainer,42,no,
00106317,rollcontainer,46,no,
00106318,euro-pallet,47,no,
00106319,rollcontainer,36,no,
00106320,euro-pallet,43,no,
00106321,rollcontainer,46,no,
00106322,euro-pallet,52,no,
00106323,rollcontainer,45,no,
00106324,rollcontainer,19,no,
00106325,euro-pallet,29,no,
00106326,rollcontainer,33,no,
00106327,euro-pallet,76,no,
00106328,rollcontainer,41,no,
00106329,rollcontainer,30,no,
00106330,euro-pallet,52,no,
00106331,rollcontainer,42,no,
00106332,rollcontainer,46,no,
00106333,euro-pallet,63,no,
00106334,rollcontainer,18,no,
00106335,rollcontainer,42,no,
00106336,euro-pallet,58,no,
00106337,euro-pallet,63,no,
00106338,euro-pallet,41,no,
00106339,euro-pallet,32,no,
00106340,rollcontainer,22,no,
00106341,euro-pallet,115,no,
00106342,rollcontainer,42,no,
00106343,rollcontainer,40,no,
00106344,euro-pallet,98,no,
00106345,euro-pallet,51,no,
00106346,euro-pallet,54,no,
00106347,rollcontainer,31,no,
00106348,euro-pallet,62,no,
00106349,rollcontainer,40,no,
00106350,rollcontainer,37,no,
00106351,euro-pallet,52,no,
00106352,euro-pallet,56,no,
00106353,euro-pallet,36,no,
00106354,rollcontainer,39,no,
00106355,euro-pallet,33,no,
00106356,rollcontainer,41,no,
00106357,rollcontainer,33,no,
00106358,euro-pallet,58,no,
00106359,euro-pallet,27,no,
00106360,rollcontainer,19,no,
00106361,euro-pallet,58,no,
00106362,rollcontainer,35,no,
00106363,rollcontainer,40,no,
00106364,rollcontainer,53,no,
00106365,rollcontainer,46,no,
00106366,rollcontainer,47,no,
00106367,euro-pallet,56,no,
00106368,euro-pallet,59,no,
00106369,rollcontainer,17,no,
00106370,rollcontainer,43,no,
00106371,euro-pallet,36,no,
00106372,rollcontainer,39,no,
00106373,rollcontainer,32,no,
00106374,rollcontainer,35,no,
00106375,euro-pallet,62,no,
00106376,rollcontainer,36,no,
00106377,euro-pallet,34,no,
00106378,euro-pallet,36,no,
00106379,rollcontainer,36,no,
00106380,rollcontainer,41,no,
00106381,rollcontainer,20,no,
00106382,euro-pallet,33,no,
00106383,euro-pallet,50,no,
00106384,rollcontainer,41,no,
00106385,rollcontainer,45,no,
00106386,euro-pallet,67,no,
00106387,rollcontainer,38,no,
00106388,euro-pallet,75,no,
00106389,euro-pallet,58,no,
00106390,rollcontainer,51,no,
00106391,euro-pallet,32,no,
00106392,rollcontainer,38,no,
00106393,euro-pallet,42,no,
00106394,euro-pallet,56,no,
00106395,rollcontainer,34,no,
00106396,rollcontainer,38,no,
00106397,rollcontainer,17,no,
00106398,euro-pallet,51,no,
00106399,euro-pallet,38,no,
00106400,rollcontainer,66,no,
00106401,rollcontainer,44,no,
00106402,euro-pallet,47,no,
00106403,rollcontainer,19,no,
00106404,rollcontainer,18,no,
00106405,rollcontainer,45,no,
00106406,rollcontainer,42,no,
00106407,rollcontainer,21,no,
00106408,rollcontainer,50,no,
00106409,rollcontainer,96,no,
00106410,rollcontainer,43,no,
00106411,euro-pallet,42,no,
00106412,rollcontainer,45,no,
00106413,euro-pallet,59,no,
00106414,rollcontainer,33,no,
00106415,rollcontainer,51,no,
00106416,rollcontainer,30,no,
00106417,rollcontainer,41,no,
00106418,euro-pallet,30,no,
00106419,euro-pallet,37,no,
00106420,rollcontainer,16,no,
00106421,euro-pallet,59,no,
00106422,euro-pallet,48,no,
00106423,euro-pallet,53,no,
00106424,euro-pallet,93,no,
00106425,euro-pallet,35,no,
00106426,rollcontainer,24,no,
00106427,rollcontainer,32,no,
00106428,rollcontainer,36,no,
00106429,rollcontainer,24,no,
00106430,rollcontainer,29,no,
00106431,euro-pallet,51,no,
00106432,euro-pallet,48,no,
00106433,euro-pallet,53,no,
00106434,euro-pallet,54,no,
00106435,rollcontainer,45,no,
00106436,euro-pallet,57,no,
00106437,rollcontainer,44,no,
00106438,rollcontainer,40,no,
00106439,rollcontainer,35,no,
00106440,rollcontainer,40,no,
00106441,rollcontainer,35,no,
00106442,euro-pallet,52,no,
00106443,euro-pallet,29,no,
00106444,rollcontainer,22,no,
00106445,rollcontainer,32,no,
00106446,euro-pallet,57,no,
00106447,euro-pallet,35,no,
00106448,euro-pallet,55,no,
00106449,rollcontainer,16,no,
00106450,euro-pallet,59,no,
00106451,rollcontainer,19,no,
00106452,euro-pallet,48,no,
00106453,rollcontainer,41,no,
00106454,rollcontainer,23,no,
00106455,rollcontainer,45,no,
00106456,rollcontainer,34,no,
00106457,rollcontainer,34,no,
00106458,rollcontainer,41,no,
00106459,euro-pallet,46,no,
00106460,euro-pallet,47,no,
00106461,euro-pallet,52,no,
00106462,rollcontainer,39,no,
00106463,rollcontainer,36,no,
00106464,euro-pallet,40,no,
00106465,euro-pallet,31,no,
00106466,euro-pallet,68,no,
00106467,rollcontainer,36,no,
00106468,euro-pallet,57,no,
00106469,rollcontainer,46,no,
00106470,rollcontainer,45,no,
00106471,euro-pallet,52,no,
00106472,rollcontainer,27,no,
00106473,rollcontainer,41,no,
00106474,rollcontainer,57,no,
00106475,euro-pallet,44,no,
00106476,rollcontainer,49,no,
00106477,euro-pallet,53,no,
00106478,rollcontainer,35,no,
00106479,rollcontainer,42,no,
00106480,rollcontainer,37,no,
00106481,rollcontainer,30,no,
00106482,rollcontainer,49,no,
00106483,euro-pallet,64,no,
00106484,rollcontainer,33,no,
00106485,euro-pallet,53,no,
00106486,euro-pallet,39,no,
00106487,rollcontainer,45,no,
00106488,euro-pallet,57,no,
00106489,rollcontainer,50,no,
00106490,rollcontainer,30,no,
00106491,rollcontainer,43,no,
00106492,euro-pallet,60,no,
00106493,rollcontainer,34,no,
00106494,rollcontainer,34,no,
00106495,rollcontainer,39,no,
00106496,euro-pallet,33,no,
00106497,rollcontainer,47,no,
00106498,rollcontainer,19,no,
00106499,rollcontainer,39,no,
00106500,rollcontainer,35,no,
00106501,euro-pallet,60,no,
00106502,rollcontainer,20,no,
00106503,euro-pallet,56,no,
00106504,euro-pallet,33,no,
00106505,rollcontainer,42,no,
00106506,rollcontainer,45,no,
00106507,rollcontainer,46,no,
00106508,euro-pallet,26,no,
00106509,rollcontainer,47,no,
00106510,euro-pallet,53,no,
00106511,rollcontainer,44,no,
00106512,euro-pallet,53,no,
00106513,euro-pallet,43,no,
00106514,euro-pallet,61,no,
00106515,rollcontainer,38,no,
00106516,rollcontainer,37,no,
00106517,rollcontainer,31,no,
00106518,rollcontainer,44,no,
00106519,euro-pallet,47,no,
00106520,rollcontainer,24,no,
00106521,rollcontainer,42,no,
00106522,euro-pallet,56,no,
00106523,rollcontainer,37,no,
00106524,rollcontainer,40,no,
00106525,euro-pallet,62,no,
00106526,rollcontainer,43,no,
00106527,euro-pallet,50,no,
00106528,rollcontainer,16,no,
00106529,euro-pallet,31,no,
00106530,euro-pallet,62,no,
00106531,euro-pallet,46,no,
00106532,rollcontainer,18,no,
00106533,rollcontainer,17,no,
00106534,rollcontainer,41,no,
00106535,rollcontainer,16,no,
00106536,euro-pallet,46,no,
00106537,euro-pallet,46,no,
00106538,euro-pallet,50,no,
00106539,euro-pallet,53,no,
00106540,euro-pallet,43,no,
00106541,rollcontainer,23,no,
00106542,euro-pallet,52,no,
00106543,rollcontainer,47,no,
00106544,rollcontainer,22,no,
00106545,rollcontainer,40,no,
00106546,euro-pallet,57,no,
00106547,rollcontainer,33,no,
00106548,euro-pallet,49,no,
00106549,rollcontainer,43,no,
00106550,rollcontainer,43,no,
00106551,rollcontainer,45,no,
00106552,rollcontainer,33,no,
00106553,rollcontainer,47,no,
00106554,euro-pallet,56,no,
00106555,euro-pallet,53,no,
00106556,rollcontainer,44,no,
00106557,rollcontainer,31,no,
00106558,rollcontainer,40,no,
00106559,rollcontainer,46,no,
00106560,euro-pallet,55,no,
00106561,euro-pallet,55,no,
00106562,rollcontainer,19,no,
00106563,euro-pallet,38,no,
00106564,euro-pallet,41,no,
00106565,euro-pallet,24,no,
00106566,rollcontainer,44,no,
00106567,rollcontainer,34,no,
00106568,euro-pallet,39,no,
00106569,euro-pallet,42,no,
00106570,rollcontainer,35,yes,bedbpp_order_00106570_rollcontainer.txt
00106571,euro-pallet,31,no,
00106572,euro-pallet,54,no,
00106573,rollcontainer,37,no,
00106574,rollcontainer,36,no,
00106575,rollcontainer,20,no,
00106576,rollcontainer,65,no,
00106577,rollcontainer,23,no,
00106578,rollcontainer,48,no,
00106579,euro-pallet,51,no,
00106580,euro-pallet,50,no,
00106581,euro-pallet,52,no,
00106582,rollcontainer,18,no,
00106583,rollcontainer,17,no,
00106584,euro-pallet,60,no,
00106585,rollcontainer,43,no,
00106586,rollcontainer,37,no,
00106587,rollcontainer,43,no,
00106588,rollcontainer,49,no,
00106589,rollcontainer,38,no,
00106590,rollcontainer,51,no,
00106591,euro-pallet,41,no,
00106592,rollcontainer,31,no,
00106593,euro-pallet,38,no,
00106594,euro-pallet,30,no,
00106595,euro-pallet,44,no,
00106596,rollcontainer,39,no,
00106597,rollcontainer,32,no,
00106598,rollcontainer,35,no,
00106599,rollcontainer,42,no,
00106600,rollcontainer,41,no,
00106601,rollcontainer,27,no,
00106602,rollcontainer,43,no,
00106603,rollcontainer,45,no,
00106604,rollcontainer,18,no,
00106605,euro-pallet,43,no,
00106606,rollcontainer,45,no,
00106607,rollcontainer,36,no,
00106608,euro-pallet,44,no,
00106609,euro-pallet,62,no,
00106610,rollcontainer,34,no,
00106611,rollcontainer,17,no,
00106612,euro-pallet,46,no,
00106613,rollcontainer,42,no,
00106614,rollcontainer,22,no,
00106615,rollcontainer,19,no,
00106616,euro-pallet,62,no,
00106617,rollcontainer,17,no,
00106618,rollcontainer,38,no,
00106619,euro-pallet,72,no,
00106620,euro-pallet,62,no,
00106621,euro-pallet,51,no,
00106622,euro-pallet,69,no,
00106623,rollcontainer,22,no,
00106624,rollcontainer,45,no,
00106625,rollcontainer,44,no,
00106626,euro-pallet,47,no,
00106627,euro-pallet,31,no,
00106628,euro-pallet,51,no,
00106629,euro-pallet,29,no,
00106630,rollcontainer,20,no,
00106631,euro-pallet,60,no,
00106632,rollcontainer,29,no,
00106633,rollcontainer,45,no,
00106634,rollcontainer,45,no,
00106635,rollcontainer,29,no,
00106636,rollcontainer,37,no,
00106637,euro-pallet,53,no,
00106638,euro-pallet,67,no,
00106639,euro-pallet,60,no,
00106640,euro-pallet,56,no,
00106641,euro-pallet,36,no,
00106642,euro-pallet,73,no,
00106643,rollcontainer,37,no,
00106644,rollcontainer,29,no,
00106645,euro-pallet,50,no,
00106646,euro-pallet,52,no,
00106647,rollcontainer,47,no,
00106648,rollcontainer,41,no,
00106649,rollcontainer,42,no,
00106650,rollcontainer,40,no,
00106651,euro-pallet,51,no,
00106652,rollcontainer,96,no,
00106653,rollcontainer,42,no,
00106654,rollcontainer,46,no,
00106655,rollcontainer,38,no,
00106656,rollcontainer,36,no,
00106657,rollcontainer,16,no,
00106658,euro-pallet,53,no,
00106659,euro-pallet,34,no,
00106660,rollcontainer,36,no,
00106661,rollcontainer,41,no,
00106662,rollcontainer,45,no,
00106663,rollcontainer,16,no,
00106664,euro-pallet,57,no,
00106665,euro-pallet,52,no,
00106666,euro-pallet,54,no,
00106667,rollcontainer,44,no,
00106668,euro-pallet,57,no,
00106669,euro-pallet,49,no,
00106670,euro-pallet,50,no,
00106671,rollcontainer,35,no,
00106672,euro-pallet,58,no,
00106673,rollcontainer,31,no,
00106674,rollcontainer,32,no,
00106675,rollcontainer,43,no,
00106676,rollcontainer,40,no,
00106677,rollcontainer,45,no,
00106678,euro-pallet,26,no,
00106679,euro-pallet,47,no,
00106680,euro-pallet,58,no,
00106681,rollcontainer,22,no,
00106682,rollcontainer,37,no,
00106683,euro-pallet,48,no,
00106684,euro-pallet,55,no,
00106685,rollcontainer,44,no,
00106686,rollcontainer,44,no,
00106687,euro-pallet,56,yes,bedbpp_order_00106687_euro-pallet.txt
00106688,euro-pallet,33,no,
00106689,rollcontainer,46,no,
00106690,euro-pallet,57,no,
00106691,rollcontainer,73,no,
00106692,rollcontainer,41,no,
00106693,rollcontainer,49,no,
00106694,euro-pallet,57,no,
00106695,rollcontainer,34,no,
00106696,euro-pallet,59,no,
00106697,euro-pallet,59,no,
00106698,rollcontainer,16,no,
00106699,euro-pallet,47,no,
00106700,rollcontainer,30,no,
00106701,rollcontainer,22,no,
00106702,rollcontainer,96,yes,bedbpp_order_00106702_rollcontainer.txt
00106703,euro-pallet,27,no,
00106704,rollcontainer,51,no,
00106705,euro-pallet,66,no,
00106706,rollcontainer,34,no,
00106707,rollcontainer,19,no,
00106708,euro-pallet,52,no,
00106709,rollcontainer,28,no,
00106710,rollcontainer,16,no,
00106711,euro-pallet,48,no,
00106712,rollcontainer,77,no,
00106713,euro-pallet,39,no,
00106714,euro-pallet,36,no,
00106715,rollcontainer,19,no,
00106716,euro-pallet,36,no,
00106717,euro-pallet,57,no,
00106718,rollcontainer,51,no,
00106719,euro-pallet,32,no,
00106720,rollcontainer,42,no,
00106721,euro-pallet,58,no,
00106722,euro-pallet,57,no,
00106723,rollcontainer,26,no,
00106724,euro-pallet,46,no,
00106725,euro-pallet,61,no,
00106726,rollcontainer,25,no,
00106727,euro-pallet,46,no,
00106728,rollcontainer,44,no,
00106729,euro-pallet,29,no,
00106730,rollcontainer,31,no,
00106731,euro-pallet,60,no,
00106732,rollcontainer,25,no,
00106733,euro-pallet,46,no,
00106734,rollcontainer,48,no,
00106735,rollcontainer,70,no,
00106736,rollcontainer,39,no,
00106737,euro-pallet,63,no,
00106738,euro-pallet,40,no,
00106739,rollcontainer,35,no,
00106740,rollcontainer,47,no,
00106741,euro-pallet,46,no,
00106742,euro-pallet,48,no,
00106743,rollcontainer,32,no,
00106744,rollcontainer,44,no,
00106745,euro-pallet,61,no,
00106746,rollcontainer,35,no,
00106747,rollcontainer,38,no,
00106748,euro-pallet,47,no,
00106749,rollcontainer,19,no,
00106750,euro-pallet,60,no,
00106751,euro-pallet,115,no,
00106752,euro-pallet,44,no,
00106753,euro-pallet,58,no,
00106754,euro-pallet,59,no,
00106755,rollcontainer,47,no,
00106756,euro-pallet,27,no,
00106757,rollcontainer,50,no,
00106758,rollcontainer,48,no,
00106759,euro-pallet,50,no,
00106760,euro-pallet,53,no,
00106761,euro-pallet,47,no,
00106762,euro-pallet,48,no,
00106763,euro-pallet,55,no,
00106764,euro-pallet,44,no,
00106765,rollcontainer,26,no,
00106766,euro-pallet,56,no,
00106767,euro-pallet,57,no,
00106768,euro-pallet,60,no,
00106769,rollcontainer,31,no,
00106770,rollcontainer,43,no,
00106771,rollcontainer,32,no,
00106772,euro-pallet,64,no,
00106773,euro-pallet,57,no,
00106774,rollcontainer,28,no,
00106775,rollcontainer,41,no,
00106776,rollcontainer,44,no,
00106777,euro-pallet,57,no,
00106778,euro-pallet,27,no,
00106779,rollcontainer,44,no,
00106780,euro-pallet,41,no,
00106781,euro-pallet,55,no,
00106782,euro-pallet,57,no,
00106783,euro-pallet,47,no,
00106784,rollcontainer,24,no,
00106785,rollcontainer,15,no,
00106786,rollcontainer,35,no,
00106787,euro-pallet,55,no,
00106788,rollcontainer,43,no,
00106789,euro-pallet,59,no,
00106790,euro-pallet,54,no,
00106791,rollcontainer,21,no,
00106792,euro-pallet,45,no,
00106793,euro-pallet,57,no,
00106794,rollcontainer,45,no,
00106795,rollcontainer,45,no,
00106796,rollcontainer,46,no,
00106797,rollcontainer,22,no,
00106798,rollcontainer,41,no,
00106799,rollcontainer,22,no,
00106800,rollcontainer,17,no,
00106801,euro-pallet,57,no,
00106802,rollcontainer,35,no,
00106803,rollcontainer,19,no,
00106804,euro-pallet,43,no,
00106805,rollcontainer,37,no,
00106806,rollcontainer,41,no,
00106807,euro-pallet,45,no,
00106808,rollcontainer,22,no,
00106809,euro-pallet,53,no,
00106810,euro-pallet,51,no,
00106811,rollcontainer,48,no,
00106812,rollcontainer,45,no,
00106813,euro-pallet,48,no,
00106814,rollcontainer,20,no,
00106815,euro-pallet,92,no,
00106816,euro-pallet,68,no,
00106817,rollcontainer,37,no,
00106818,euro-pallet,55,no,
00106819,euro-pallet,51,no,
00106820,euro-pallet,51,no,
00106821,euro-pallet,49,no,
00106822,rollcontainer,19,no,
00106823,euro-pallet,64,no,
00106824,rollcontainer,21,no,
00106825,rollcontainer,15,no,
00106826,rollcontainer,43,no,
00106827,rollcontainer,33,no,
00106828,rollcontainer,24,no,
00106829,rollcontainer,43,no,
00106830,rollcontainer,39,no,
00106831,rollcontainer,19,no,
00106832,rollcontainer,40,no,
00106833,euro-pallet,37,no,
00106834,rollcontainer,42,no,
00106835,euro-pallet,57,no,
00106836,euro-pallet,43,no,
00106837,rollcontainer,45,no,
00106838,rollcontainer,40,no,
00106839,rollcontainer,40,no,
00106840,euro-pallet,61,no,
00106841,euro-pallet,57,no,
00106842,rollcontainer,48,no,
00106843,euro-pallet,55,no,
00106844,euro-pallet,48,no,
00106845,rollcontainer,44,no,
00106846,rollcontainer,40,no,
00106847,euro-pallet,39,no,
00106848,euro-pallet,43,no,
00106849,euro-pallet,81,no,
00106850,rollcontainer,36,no,
00106851,euro-pallet,58,no,
00106852,rollcontainer,41,no,
00106853,euro-pallet,30,no,
00106854,euro-pallet,32,no,
00106855,rollcontainer,42,no,
00106856,euro-pallet,58,no,
00106857,euro-pallet,42,no,
00106858,rollcontainer,50,no,
00106859,rollcontainer,27,no,
00106860,euro-pallet,30,no,
00106861,rollcontainer,37,no,
00106862,rollcontainer,34,no,
00106863,euro-pallet,45,no,
00106864,rollcontainer,39,no,
00106865,euro-pallet,47,no,
00106866,rollcontainer,35,no,
00106867,rollcontainer,30,no,
00106868,rollcontainer,31,no,
00106869,euro-pallet,48,no,
00106870,rollcontainer,15,no,
00106871,rollcontainer,36,no,
00106872,euro-pallet,46,no,
00106873,rollcontainer,25,no,
00106874,rollcontainer,21,no,
00106875,euro-pallet,57,no,
00106876,rollcontainer,18,no,
00106877,rollcontainer,46,no,
00106878,rollcontainer,17,no,
00106879,euro-pallet,60,no,
00106880,rollcontainer,36,no,
00106881,rollcontainer,47,no,
00106882,rollcontainer,31,no,
00106883,euro-pallet,59,no,
00106884,euro-pallet,58,no,
00106885,euro-pallet,52,no,
00106886,rollcontainer,38,no,
00106887,rollcontainer,34,no,
00106888,rollcontainer,29,no,
00106889,rollcontainer,45,no,
00106890,rollcontainer,40,no,
00106891,euro-pallet,54,no,
00106892,rollcontainer,50,no,
00106893,euro-pallet,41,no,
00106894,rollcontainer,19,no,
00106895,rollcontainer,33,no,
00106896,rollcontainer,32,no,
00106897,euro-pallet,52,no,
00106898,rollcontainer,18,no,
00106899,euro-pallet,45,no,
00106900,rollcontainer,41,no,
00106901,rollcontainer,31,no,
00106902,rollcontainer,31,no,
00106903,rollcontainer,36,no,
00106904,rollcontainer,18,no,
00106905,rollcontainer,19,no,
00106906,rollcontainer,50,no,
00106907,euro-pallet,58,no,
00106908,rollcontainer,24,no,
00106909,rollcontainer,39,no,
00106910,rollcontainer,22,no,
00106911,rollcontainer,38,no,
00106912,euro-pallet,60,no,
00106913,rollcontainer,52,no,
00106914,euro-pallet,33,no,
00106915,rollcontainer,70,no,
00106916,rollcontainer,49,no,
00106917,rollcontainer,69,no,
00106918,rollcontainer,45,no,
00106919,euro-pallet,64,no,
00106920,euro-pallet,41,no,
00106921,euro-pallet,52,no,
00106922,euro-pallet,59,no,
00106923,rollcontainer,40,no,
00106924,euro-pallet,45,no,
00106925,euro-pallet,50,no,
00106926,euro-pallet,55,no,
00106927,euro-pallet,59,no,
00106928,euro-pallet,30,no,
00106929,rollcontainer,40,no,
00106930,euro-pallet,57,no,
00106931,rollcontainer,37,no,
00106932,euro-pallet,68,no,
00106933,rollcontainer,36,no,
00106934,rollcontainer,20,no,
00106935,rollcontainer,23,no,
00106936,euro-pallet,57,no,
00106937,euro-pallet,52,no,
00106938,rollcontainer,35,no,
00106939,euro-pallet,36,no,
00106940,euro-pallet,56,no,
00106941,rollcontainer,45,no,
00106942,euro-pallet,37,no,
00106943,rollcontainer,44,no,
00106944,rollcontainer,19,no,
00106945,rollcontainer,18,no,
00106946,rollcontainer,25,no,
00106947,rollcontainer,33,no,
00106948,euro-pallet,47,no,
00106949,rollcontainer,17,no,
00106950,rollcontainer,53,no,
00106951,euro-pallet,49,no,
00106952,euro-pallet,35,no,
00106953,rollcontainer,44,no,
00106954,rollcontainer,33,no,
00106955,euro-pallet,43,no,
00106956,euro-pallet,46,no,
00106957,rollcontainer,47,no,
00106958,rollcontainer,16,no,
00106959,rollcontainer,24,no,
00106960,rollcontainer,33,no,
00106961,rollcontainer,31,no,
00106962,euro-pallet,51,no,
00106963,rollcontainer,45,no,
00106964,rollcontainer,32,no,
00106965,rollcontainer,24,no,
00106966,rollcontainer,28,no,
00106967,euro-pallet,65,no,
00106968,rollcontainer,23,no,
00106969,euro-pallet,53,no,
00106970,euro-pallet,57,no,
00106971,rollcontainer,22,no,
00106972,euro-pallet,62,no,
00106973,rollcontainer,47,no,
00106974,euro-pallet,53,no,
00106975,rollcontainer,17,no,
00106976,euro-pallet,60,no,
00106977,rollcontainer,46,no,
00106978,euro-pallet,58,no,
00106979,rollcontainer,17,no,
00106980,rollcontainer,39,no,
00106981,euro-pallet,45,no,
00106982,euro-pallet,61,no,
00106983,rollcontainer,26,no,
00106984,euro-pallet,52,no,
00106985,euro-pallet,53,no,
00106986,rollcontainer,43,no,
00106987,rollcontainer,47,no,
00106988,rollcontainer,45,no,
00106989,rollcontainer,34,no,
00106990,rollcontainer,23,no,
00106991,euro-pallet,60,no,
00106992,euro-pallet,34,no,
00106993,rollcontainer,45,no,
00106994,euro-pallet,47,no,
00106995,rollcontainer,44,no,
00106996,rollcontainer,38,no,
00106997,rollcontainer,19,no,
00106998,euro-pallet,28,no,
00106999,rollcontainer,47,no,
00107000,rollcontainer,45,no,
00107001,rollcontainer,40,no,
00107002,rollcontainer,38,no,
00107003,euro-pallet,58,no,
00107004,rollcontainer,46,no,
00107005,rollcontainer,42,no,
00107006,euro-pallet,48,no,
00107007,rollcontainer,44,no,
00107008,rollcontainer,26,no,
00107009,rollcontainer,18,no,
00107010,euro-pallet,51,no,
00107011,euro-pallet,49,no,
00107012,euro-pallet,57,no,
00107013,rollcontainer,22,no,
00107014,rollcontainer,66,no,
00107015,rollcontainer,21,no,
00107016,euro-pallet,56,no,
00107017,euro-pallet,37,no,
00107018,rollcontainer,34,no,
00107019,rollcontainer,49,no,
00107020,rollcontainer,41,no,
00107021,rollcontainer,41,no,
00107022,euro-pallet,69,no,
00107023,euro-pallet,59,no,
00107024,rollcontainer,47,no,
00107025,rollcontainer,42,no,
00107026,euro-pallet,41,no,
00107027,euro-pallet,38,no,
00107028,rollcontainer,40,no,
00107029,rollcontainer,32,no,
00107030,euro-pallet,53,no,
00107031,euro-pallet,58,no,
00107032,rollcontainer,45,no,
00107033,rollcontainer,41,no,
00107034,euro-pallet,48,no,
00107035,euro-pallet,54,no,
00107036,euro-pallet,91,no,
00107037,euro-pallet,65,no,
00107038,euro-pallet,52,no,
00107039,rollcontainer,37,no,
00107040,euro-pallet,50,no,
00107041,rollcontainer,30,no,
00107042,rollcontainer,19,no,
00107043,euro-pallet,37,no,
00107044,euro-pallet,83,no,
00107045,rollcontainer,41,no,
00107046,euro-pallet,54,no,
00107047,euro-pallet,57,no,
00107048,euro-pallet,26,no,
00107049,euro-pallet,107,no,
00107050,rollcontainer,37,no,
00107051,rollcontainer,47,no,
00107052,euro-pallet,35,no,
00107053,euro-pallet,70,no,
00107054,rollcontainer,36,no,
00107055,euro-pallet,53,no,
00107056,euro-pallet,59,no,
00107057,rollcontainer,39,no,
00107058,rollcontainer,48,no,
00107059,euro-pallet,114,no,
00107060,rollcontainer,43,no,
00107061,euro-pallet,52,no,
00107062,rollcontainer,22,no,
00107063,euro-pallet,66,no,
00107064,rollcontainer,39,no,
00107065,rollcontainer,15,no,
00107066,rollcontainer,49,no,
00107067,euro-pallet,46,no,
00107068,euro-pallet,42,no,
00107069,euro-pallet,43,no,
00107070,rollcontainer,25,no,
00107071,rollcontainer,30,no,
00107072,rollcontainer,64,no,
00107073,euro-pallet,58,no,
00107074,rollcontainer,44,no,
00107075,rollcontainer,48,no,
00107076,euro-pallet,39,no,
00107077,rollcontainer,20,no,
00107078,euro-pallet,49,no,
00107079,euro-pallet,52,no,
00107080,rollcontainer,55,no,
00107081,rollcontainer,41,no,
00107082,euro-pallet,41,no,
00107083,euro-pallet,44,no,
00107084,euro-pallet,44,no,
00107085,euro-pallet,45,no,
00107086,rollcontainer,34,no,
00107087,euro-pallet,48,no,
00107088,euro-pallet,55,no,
00107089,euro-pallet,37,no,
00107090,rollcontainer,46,no,
00107091,rollcontainer,33,no,
00107092,rollcontainer,15,no,
00107093,rollcontainer,49,no,
00107094,euro-pallet,53,no,
00107095,euro-pallet,31,no,
00107096,euro-pallet,50,no,
00107097,euro-pallet,47,no,
00107098,euro-pallet,35,no,
00107099,rollcontainer,47,no,
00107100,rollcontainer,51,no,
00107101,rollcontainer,26,no,
00107102,rollcontainer,17,no,
00107103,rollcontainer,34,no,
00107104,euro-pallet,45,no,
00107105,euro-pallet,64,no,
00107106,rollcontainer,42,no,
00107107,rollcontainer,32,no,
00107108,rollcontainer,49,no,
00107109,euro-pallet,51,no,
00107110,rollcontainer,42,no,
00107111,euro-pallet,54,no,
00107112,rollcontainer,43,no,
00107113,euro-pallet,54,no,
00107114,euro-pallet,53,no,
00107115,euro-pallet,53,no,
00107116,euro-pallet,68,no,
00107117,euro-pallet,53,no,
00107118,euro-pallet,56,no,
00107119,euro-pallet,64,no,
00107120,rollcontainer,20,no,
00107121,rollcontainer,49,no,
00107122,rollcontainer,46,no,
00107123,rollcontainer,36,no,
00107124,rollcontainer,17,no,
00107125,euro-pallet,54,no,
00107126,rollcontainer,45,no,
00107127,euro-pallet,50,no,
00107128,rollcontainer,43,no,
00107129,rollcontainer,26,no,
00107130,euro-pallet,44,no,
00107131,rollcontainer,35,no,
00107132,euro-pallet,40,no,
00107133,rollcontainer,42,no,
00107134,rollcontainer,42,no,
00107135,euro-pallet,44,no,
00107136,euro-pallet,34,no,
00107137,rollcontainer,21,no,
00107138,euro-pallet,46,no,
00107139,rollcontainer,47,no,
00107140,euro-pallet,49,no,
00107141,rollcontainer,36,no,
00107142,rollcontainer,45,no,
00107143,rollcontainer,22,no,
00107144,euro-pallet,52,no,
00107145,euro-pallet,57,no,
00107146,euro-pallet,99,no,
00107147,euro-pallet,61,no,
00107148,rollcontainer,48,no,
00107149,euro-pallet,53,no,
00107150,euro-pallet,58,no,
00107151,rollcontainer,35,no,
00107152,euro-pallet,61,no,
00107153,rollcontainer,45,no,
00107154,rollcontainer,31,no,
00107155,rollcontainer,27,no,
00107156,rollcontainer,29,no,
00107157,rollcontainer,44,no,
00107158,rollcontainer,20,no,
00107159,euro-pallet,58,no,
00107160,euro-pallet,57,no,
00107161,rollcontainer,19,no,
00107162,euro-pallet,44,no,
00107163,rollcontainer,46,no,
00107164,rollcontainer,37,no,
00107165,rollcontainer,47,no,
00107166,rollcontainer,39,no,
00107167,rollcontainer,39,no,
00107168,rollcontainer,41,no,
00107169,euro-pallet,61,no,
00107170,rollcontainer,39,no,
00107171,euro-pallet,51,no,
00107172,rollcontainer,19,no,
00107173,euro-pallet,29,no,
00107174,rollcontainer,37,no,
00107175,rollcontainer,39,no,
00107176,euro-pallet,27,no,
00107177,rollcontainer,44,no,
00107178,euro-pallet,30,no,
00107179,rollcontainer,36,no,
00107180,euro-pallet,45,no,
00107181,rollcontainer,42,no,
00107182,rollcontainer,17,no,
00107183,euro-pallet,55,no,
00107184,euro-pallet,50,no,
00107185,euro-pallet,53,no,
00107186,rollcontainer,43,no,
00107187,rollcontainer,45,no,
00107188,rollcontainer,33,no,
00107189,euro-pallet,38,no,
00107190,euro-pallet,58,no,
00107191,euro-pallet,53,no,
00107192,rollcontainer,46,no,
00107193,rollcontainer,38,no,
00107194,rollcontainer,41,no,
00107195,euro-pallet,94,no,
00107196,euro-pallet,58,no,
00107197,rollcontainer,23,no,
00107198,rollcontainer,21,no,
00107199,rollcontainer,35,no,
00107200,euro-pallet,84,no,
00107201,euro-pallet,54,no,
00107202,euro-pallet,61,no,
00107203,rollcontainer,17,no,
00107204,euro-pallet,61,no,
00107205,euro-pallet,53,no,
00107206,euro-pallet,112,no,
00107207,euro-pallet,54,no,
00107208,euro-pallet,92,no,
00107209,euro-pallet,46,no,
00107210,euro-pallet,50,no,
00107211,rollcontainer,50,no,
00107212,rollcontainer,58,no,
00107213,euro-pallet,48,no,
00107214,euro-pallet,55,no,
00107215,rollcontainer,27,no,
00107216,euro-pallet,37,no,
00107217,rollcontainer,37,no,
00107218,euro-pallet,43,no,
00107219,euro-pallet,44,no,
00107220,rollcontainer,32,no,
00107221,rollcontainer,22,no,
00107222,euro-pallet,57,no,
00107223,rollcontainer,32,no,
00107224,rollcontainer,37,no,
00107225,euro-pallet,62,no,
00107226,euro-pallet,35,no,
00107227,euro-pallet,59,no,
00107228,euro-pallet,42,no,
00107229,rollcontainer,18,no,
00107230,euro-pallet,58,no,
00107231,euro-pallet,61,no,
00107232,rollcontainer,39,no,
00107233,euro-pallet,57,no,
00107234,rollcontainer,21,no,
00107235,euro-pallet,30,no,
00107236,rollcontainer,43,no,
00107237,rollcontainer,23,no,
00107238,euro-pallet,32,no,
00107239,euro-pallet,42,no,
00107240,rollcontainer,55,no,
00107241,rollcontainer,17,no,
00107242,euro-pallet,42,no,
00107243,rollcontainer,45,no,
00107244,rollcontainer,42,no,
00107245,euro-pallet,56,no,
00107246,rollcontainer,39,no,
00107247,rollcontainer,41,no,
00107248,rollcontainer,35,no,
00107249,rollcontainer,25,no,
00107250,euro-pallet,48,no,
00107251,euro-pallet,33,no,
00107252,euro-pallet,52,no,
00107253,euro-pallet,49,no,
00107254,rollcontainer,37,no,
00107255,rollcontainer,34,no,
00107256,euro-pallet,44,no,
00107257,euro-pallet,42,no,
00107258,euro-pallet,63,no,
00107259,euro-pallet,41,no,
00107260,euro-pallet,56,no,
00107261,rollcontainer,44,no,
00107262,euro-pallet,33,no,
00107263,euro-pallet,63,no,
00107264,rollcontainer,42,no,
00107265,rollcontainer,30,no,
00107266,rollcontainer,36,no,
00107267,rollcontainer,44,no,
00107268,euro-pallet,49,no,
00107269,euro-pallet,32,no,
00107270,euro-pallet,47,no,
00107271,rollcontainer,38,no,
00107272,euro-pallet,58,no,
00107273,rollcontainer,61,no,
00107274,rollcontainer,18,no,
00107275,euro-pallet,32,no,
00107276,euro-pallet,57,no,
00107277,rollcontainer,49,no,
00107278,euro-pallet,65,no,
00107279,euro-pallet,30,no,
00107280,euro-pallet,43,no,
00107281,rollcontainer,36,no,
00107282,euro-pallet,62,no,
00107283,rollcontainer,41,no,
00107284,rollcontainer,18,no,
00107285,rollcontainer,31,no,
00107286,euro-pallet,33,no,
00107287,euro-pallet,53,no,
00107288,rollcontainer,24,no,
00107289,rollcontainer,37,no,
00107290,euro-pallet,28,no,
00107291,rollcontainer,18,no,
00107292,euro-pallet,54,no,
00107293,euro-pallet,48,no,
00107294,euro-pallet,47,no,
00107295,euro-pallet,39,no,
00107296,rollcontainer,36,no,
00107297,rollcontainer,42,no,
00107298,rollcontainer,46,no,
00107299,rollcontainer,36,no,
00107300,euro-pallet,30,no,
00107301,rollcontainer,45,no,
00107302,euro-pallet,33,no,
00107303,rollcontainer,34,no,
00107304,rollcontainer,35,no,
00107305,rollcontainer,75,no,
00107306,rollcontainer,41,no,
00107307,rollcontainer,31,no,
00107308,rollcontainer,40,no,
00107309,rollcontainer,17,no,
00107310,rollcontainer,47,no,
00107311,rollcontainer,36,no,
00107312,euro-pallet,46,no,
00107313,euro-pallet,63,no,
00107314,euro-pallet,52,no,
00107315,rollcontainer,20,no,
00107316,rollcontainer,43,no,
00107317,euro-pallet,45,no,
00107318,rollcontainer,37,no,
00107319,euro-pallet,56,no,
00107320,rollcontainer,31,no,
00107321,rollcontainer,22,no,
00107322,euro-pallet,37,no,
00107323,euro-pallet,56,no,
00107324,rollcontainer,22,no,
00107325,rollcontainer,82,no,
00107326,euro-pallet,40,no,
00107327,rollcontainer,17,no,
00107328,euro-pallet,51,no,
00107329,rollcontainer,19,no,
00107330,euro-pallet,54,no,
00107331,rollcontainer,19,no,
00107332,euro-pallet,35,no,
00107333,euro-pallet,63,no,
00107334,euro-pallet,58,no,
00107335,euro-pallet,42,no,
00107336,euro-pallet,53,no,
00107337,rollcontainer,41,no,
00107338,euro-pallet,54,no,
00107339,rollcontainer,21,no,
00107340,rollcontainer,32,no,
00107341,euro-pallet,53,no,
00107342,rollcontainer,43,no,
00107343,rollcontainer,33,no,
00107344,euro-pallet,24,no,
00107345,euro-pallet,54,no,
00107346,euro-pallet,57,no,
00107347,rollcontainer,34,no,
00107348,rollcontainer,46,no,
00107349,rollcontainer,37,no,
00107350,rollcontainer,21,no,
00107351,rollcontainer,16,no,
00107352,rollcontainer,29,no,
00107353,euro-pallet,57,no,
00107354,rollcontainer,34,no,
00107355,euro-pallet,51,no,
00107356,rollcontainer,45,no,
00107357,rollcontainer,47,no,
00107358,rollcontainer,33,no,
00107359,rollcontainer,42,no,
00107360,rollcontainer,50,no,
00107361,rollcontainer,32,no,
00107362,euro-pallet,50,no,
00107363,euro-pallet,32,no,
00107364,euro-pallet,46,no,
00107365,euro-pallet,42,no,
00107366,rollcontainer,47,no,
00107367,rollcontainer,24,no,
00107368,rollcontainer,40,no,
00107369,rollcontainer,42,no,
00107370,rollcontainer,33,no,
00107371,rollcontainer,36,no,
00107372,rollcontainer,40,no,
00107373,rollcontainer,45,no,
00107374,euro-pallet,44,no,
00107375,euro-pallet,63,no,
00107376,euro-pallet,58,no,
00107377,rollcontainer,47,no,
00107378,rollcontainer,31,no,
00107379,rollcontainer,29,no,
00107380,euro-pallet,59,no,
00107381,euro-pallet,57,no,
00107382,rollcontainer,44,no,
00107383,euro-pallet,52,no,
00107384,rollcontainer,43,no,
00107385,rollcontainer,38,no,
00107386,rollcontainer,28,no,
00107387,euro-pallet,54,no,
00107388,rollcontainer,42,no,
00107389,euro-pallet,44,no,
00107390,rollcontainer,37,no,
00107391,rollcontainer,39,no,
00107392,rollcontainer,34,no,
00107393,euro-pallet,60,no,
00107394,rollcontainer,22,no,
00107395,euro-pallet,46,no,
00107396,rollcontainer,41,no,
00107397,rollcontainer,41,no,
00107398,rollcontainer,38,no,
00107399,euro-pallet,44,no,
00107400,euro-pallet,40,no,
00107401,euro-pallet,48,no,
00107402,rollcontainer,36,no,
00107403,rollcontainer,22,no,
00107404,rollcontainer,35,no,
00107405,euro-pallet,32,no,
00107406,euro-pallet,49,no,
00107407,rollcontainer,42,no,
00107408,euro-pallet,45,no,
00107409,rollcontainer,26,no,
00107410,euro-pallet,45,no,
00107411,rollcontainer,48,no,
00107412,rollcontainer,34,no,
00107413,euro-pallet,52,no,
00107414,euro-pallet,54,no,
00107415,rollcontainer,49,no,
00107416,euro-pallet,52,no,
00107417,rollcontainer,42,no,
00107418,rollcontainer,45,no,
00107419,rollcontainer,40,no,
00107420,rollcontainer,47,no,
00107421,euro-pallet,58,no,
00107422,euro-pallet,46,no,
00107423,rollcontainer,34,no,
00107424,euro-pallet,59,no,
00107425,euro-pallet,58,no,
00107426,rollcontainer,47,no,
00107427,rollcontainer,45,no,
00107428,rollcontainer,29,no,
00107429,euro-pallet,61,no,
00107430,rollcontainer,44,no,
00107431,rollcontainer,21,no,
00107432,rollcontainer,38,no,
00107433,euro-pallet,55,no,
00107434,euro-pallet,52,no,
00107435,euro-pallet,48,no,
00107436,rollcontainer,23,no,
00107437,euro-pallet,63,no,
00107438,rollcontainer,16,no,
00107439,rollcontainer,21,no,
00107440,rollcontainer,34,no,
00107441,rollcontainer,18,no,
00107442,rollcontainer,33,no,
00107443,rollcontainer,36,no,
00107444,euro-pallet,39,no,
00107445,euro-pallet,44,no,
00107446,euro-pallet,50,no,
00107447,euro-pallet,56,no,
00107448,euro-pallet,57,no,
00107449,euro-pallet,58,no,
00107450,euro-pallet,56,no,
00107451,euro-pallet,56,no,
00107452,euro-pallet,57,no,
00107453,rollcontainer,46,no,
00107454,rollcontainer,70,no,
00107455,rollcontainer,35,no,
00107456,rollcontainer,32,no,
00107457,euro-pallet,58,no,
00107458,rollcontainer,18,no,
00107459,euro-pallet,114,no,
00107460,rollcontainer,38,no,
00107461,euro-pallet,94,no,
00107462,euro-pallet,50,no,
00107463,rollcontainer,30,no,
00107464,rollcontainer,26,no,
00107465,rollcontainer,42,no,
00107466,rollcontainer,44,no,
00107467,euro-pallet,40,no,
00107468,euro-pallet,57,no,
00107469,rollcontainer,32,no,
00107470,rollcontainer,34,no,
00107471,rollcontainer,22,no,
00107472,euro-pallet,58,no,
00107473,euro-pallet,60,no,
00107474,rollcontainer,18,no,
00107475,euro-pallet,54,no,
00107476,euro-pallet,25,no,
00107477,rollcontainer,37,no,
00107478,rollcontainer,76,no,
00107479,rollcontainer,20,no,
00107480,euro-pallet,30,no,
00107481,rollcontainer,17,no,
00107482,rollcontainer,22,no,
00107483,euro-pallet,49,no,
00107484,euro-pallet,52,no,
00107485,rollcontainer,36,no,
00107486,rollcontainer,27,no,
00107487,rollcontainer,45,no,
00107488,euro-pallet,43,no,
00107489,rollcontainer,32,no,
00107490,euro-pallet,43,no,
00107491,euro-pallet,50,no,
00107492,rollcontainer,35,no,
00107493,euro-pallet,42,no,
00107494,rollcontainer,17,no,
00107495,euro-pallet,50,no,
00107496,rollcontainer,44,no,
00107497,rollcontainer,43,no,
00107498,rollcontainer,45,no,
00107499,rollcontainer,26,no,
00107500,rollcontainer,17,no,
00107501,euro-pallet,41,no,
00107502,euro-pallet,46,no,
00107503,rollcontainer,50,no,
00107504,rollcontainer,44,no,
00107505,euro-pallet,38,no,
00107506,rollcontainer,30,no,
00107507,rollcontainer,19,no,
00107508,euro-pallet,63,no,
00107509,euro-pallet,55,no,
00107510,euro-pallet,54,no,
00107511,rollcontainer,50,no,
00107512,euro-pallet,40,no,
00107513,rollcontainer,45,no,
00107514,euro-pallet,34,no,
00107515,rollcontainer,42,no,
00107516,rollcontainer,49,no,
00107517,rollcontainer,36,no,
00107518,euro-pallet,39,no,
00107519,euro-pallet,60,no,
00107520,rollcontainer,40,no,
00107521,rollcontainer,40,no,
00107522,rollcontainer,35,no,
00107523,rollcontainer,43,no,
00107524,euro-pallet,52,no,
00107525,rollcontainer,38,no,
00107526,rollcontainer,40,no,
00107527,euro-pallet,34,no,
00107528,rollcontainer,26,no,
00107529,rollcontainer,21,no,
00107530,rollcontainer,35,no,
00107531,euro-pallet,64,no,
00107532,euro-pallet,31,no,
00107533,rollcontainer,43,no,
00107534,rollcontainer,34,no,
00107535,euro-pallet,28,no,
00107536,euro-pallet,52,no,
00107537,rollcontainer,47,no,
00107538,euro-pallet,33,no,
00107539,rollcontainer,17,no,
00107540,rollcontainer,20,no,
00107541,euro-pallet,35,no,
00107542,euro-pallet,46,no,
00107543,rollcontainer,30,no,
00107544,rollcontainer,38,no,
00107545,rollcontainer,37,no,
00107546,euro-pallet,38,no,
00107547,euro-pallet,61,no,
00107548,rollcontainer,39,no,
00107549,rollcontainer,41,no,
00107550,rollcontainer,50,no,
00107551,rollcontainer,34,no,
00107552,euro-pallet,58,no,
00107553,rollcontainer,52,no,
00107554,rollcontainer,30,no,
00107555,rollcontainer,17,no,
00107556,euro-pallet,52,no,
00107557,euro-pallet,32,no,
00107558,rollcontainer,26,no,
00107559,rollcontainer,16,no,
00107560,rollcontainer,22,no,
00107561,euro-pallet,47,no,
00107562,rollcontainer,40,no,
00107563,euro-pallet,36,no,
00107564,euro-pallet,48,no,
00107565,rollcontainer,40,no,
00107566,euro-pallet,50,no,
00107567,rollcontainer,45,no,
00107568,rollcontainer,35,no,
00107569,rollcontainer,50,no,
00107570,euro-pallet,56,no,
00107571,rollcontainer,38,no,
00107572,rollcontainer,39,no,
00107573,euro-pallet,51,no,
00107574,euro-pallet,56,no,
00107575,rollcontainer,20,no,
00107576,euro-pallet,47,no,
00107577,rollcontainer,38,no,
00107578,euro-pallet,48,no,
00107579,euro-pallet,57,no,
00107580,rollcontainer,32,no,
00107581,euro-pallet,43,no,
00107582,euro-pallet,52,no,
00107583,rollcontainer,41,no,
00107584,rollcontainer,43,no,
00107585,rollcontainer,48,no,
00107586,rollcontainer,16,no,
00107587,rollcontainer,34,no,
00107588,euro-pallet,86,no,
00107589,euro-pallet,54,no,
00107590,euro-pallet,24,no,
00107591,euro-pallet,34,no,
00107592,rollcontainer,41,no,
00107593,rollcontainer,44,no,
00107594,rollcontainer,69,no,
00107595,rollcontainer,39,no,
00107596,euro-pallet,55,no,
00107597,rollcontainer,35,no,
00107598,euro-pallet,38,no,
00107599,euro-pallet,45,no,
00107600,euro-pallet,54,no,
00107601,rollcontainer,29,no,
00107602,euro-pallet,56,no,
00107603,euro-pallet,62,no,
00107604,euro-pallet,59,no,
00107605,rollcontainer,22,no,
00107606,rollcontainer,31,no,
00107607,euro-pallet,30,no,
00107608,rollcontainer,23,no,
00107609,euro-pallet,54,no,
00107610,euro-pallet,39,no,
00107611,rollcontainer,44,no,
00107612,rollcontainer,45,no,
00107613,euro-pallet,53,no,
00107614,euro-pallet,41,no,
00107615,euro-pallet,56,no,
00107616,rollcontainer,41,no,
00107617,euro-pallet,53,no,
00107618,euro-pallet,57,no,
00107619,rollcontainer,33,no,
00107620,euro-pallet,57,no,
00107621,rollcontainer,31,no,
00107622,euro-pallet,50,no,
00107623,euro-pallet,45,no,
00107624,rollcontainer,32,no,
00107625,rollcontainer,34,no,
00107626,rollcontainer,45,no,
00107627,euro-pallet,47,no,
00107628,rollcontainer,29,no,
00107629,rollcontainer,41,no,
00107630,rollcontainer,39,no,
00107631,rollcontainer,38,no,
00107632,rollcontainer,39,no,
00107633,euro-pallet,48,yes,bedbpp_order_00107633_euro-pallet.txt
00107634,rollcontainer,40,no,
00107635,euro-pallet,69,no,
00107636,rollcontainer,39,no,
00107637,euro-pallet,51,no,
00107638,euro-pallet,53,no,
00107639,euro-pallet,43,no,
00107640,euro-pallet,53,no,
00107641,euro-pallet,50,no,
00107642,euro-pallet,64,no,
00107643,euro-pallet,46,no,
00107644,rollcontainer,19,no,
00107645,rollcontainer,26,no,
00107646,euro-pallet,38,no,
00107647,euro-pallet,45,no,
00107648,rollcontainer,39,no,
00107649,rollcontainer,48,no,
00107650,euro-pallet,59,no,
00107651,euro-pallet,43,no,
00107652,rollcontainer,36,no,
00107653,euro-pallet,42,no,
00107654,rollcontainer,34,no,
00107655,rollcontainer,32,no,
00107656,rollcontainer,38,no,
00107657,rollcontainer,26,no,
00107658,euro-pallet,65,no,
00107659,euro-pallet,68,no,
00107660,euro-pallet,43,no,
00107661,rollcontainer,36,no,
00107662,euro-pallet,35,no,
00107663,rollcontainer,37,no,
00107664,rollcontainer,16,no,
00107665,euro-pallet,60,no,
00107666,euro-pallet,38,no,
00107667,euro-pallet,60,no,
00107668,euro-pallet,54,no,
00107669,euro-pallet,46,no,
00107670,rollcontainer,19,no,
00107671,euro-pallet,54,no,
00107672,euro-pallet,40,no,
00107673,rollcontainer,51,no,
00107674,rollcontainer,40,no,
00107675,rollcontainer,38,no,
00107676,euro-pallet,72,no,
00107677,rollcontainer,60,no,
00107678,rollcontainer,24,no,
00107679,rollcontainer,43,no,
00107680,rollcontainer,34,no,
00107681,rollcontainer,41,no,
00107682,euro-pallet,40,no,
00107683,euro-pallet,63,no,
00107684,rollcontainer,41,no,
00107685,rollcontainer,34,no,
00107686,euro-pallet,36,no,
00107687,euro-pallet,46,no,
00107688,rollcontainer,32,no,
00107689,euro-pallet,57,no,
00107690,euro-pallet,47,no,
00107691,euro-pallet,56,no,
00107692,rollcontainer,31,no,
00107693,rollcontainer,40,no,
00107694,rollcontainer,36,no,
00107695,rollcontainer,30,no,
00107696,rollcontainer,38,no,
00107697,euro-pallet,62,no,
00107698,rollcontainer,34,no,
00107699,rollcontainer,47,no,
00107700,rollcontainer,48,no,
00107701,euro-pallet,52,no,
00107702,rollcontainer,16,no,
00107703,euro-pallet,26,no,
00107704,euro-pallet,40,no,
00107705,euro-pallet,54,no,
00107706,rollcontainer,30,no,
00107707,euro-pallet,56,no,
00107708,euro-pallet,55,no,
00107709,rollcontainer,34,no,
00107710,rollcontainer,19,no,
00107711,rollcontainer,40,no,
00107712,euro-pallet,57,no,
00107713,euro-pallet,52,no,
00107714,rollcontainer,29,no,
00107715,rollcontainer,40,no,
00107716,rollcontainer,44,no,
00107717,rollcontainer,21,no,
00107718,euro-pallet,52,no,
00107719,rollcontainer,42,no,
00107720,rollcontainer,49,no,
00107721,rollcontainer,42,no,
00107722,euro-pallet,60,no,
00107723,euro-pallet,61,no,
00107724,rollcontainer,49,no,
00107725,rollcontainer,17,no,
00107726,rollcontainer,47,no,
00107727,rollcontainer,18,no,
00107728,euro-pallet,52,no,
00107729,euro-pallet,48,no,
00107730,euro-pallet,56,no,
00107731,rollcontainer,47,no,
00107732,euro-pallet,45,no,
00107733,rollcontainer,25,no,
00107734,rollcontainer,44,no,
00107735,rollcontainer,23,no,
00107736,rollcontainer,43,no,
00107737,euro-pallet,51,no,
00107738,rollcontainer,40,no,
00107739,euro-pallet,63,no,
00107740,rollcontainer,47,no,
00107741,rollcontainer,38,no,
00107742,rollcontainer,60,no,
00107743,rollcontainer,50,no,
00107744,rollcontainer,36,no,
00107745,rollcontainer,43,no,
00107746,euro-pallet,43,no,
00107747,rollcontainer,44,no,
00107748,euro-pallet,31,no,
00107749,euro-pallet,25,no,
00107750,rollcontainer,47,no,
00107751,rollcontainer,17,no,
00107752,euro-pallet,44,no,
00107753,euro-pallet,35,no,
00107754,rollcontainer,28,no,
00107755,rollcontainer,18,no,
00107756,rollcontainer,35,no,
00107757,euro-pallet,34,no,
00107758,euro-pallet,55,no,
00107759,rollcontainer,33,no,
00107760,euro-pallet,55,no,
00107761,rollcontainer,41,no,
00107762,euro-pallet,54,no,
00107763,euro-pallet,35,no,
00107764,rollcontainer,46,no,
00107765,rollcontainer,66,no,
00107766,euro-pallet,38,no,
00107767,rollcontainer,33,no,
00107768,rollcontainer,36,no,
00107769,rollcontainer,33,no,
00107770,rollcontainer,23,no,
00107771,rollcontainer,43,no,
00107772,euro-pallet,55,no,
00107773,rollcontainer,44,no,
00107774,euro-pallet,54,no,
00107775,rollcontainer,49,no,
00107776,euro-pallet,64,no,
00107777,rollcontainer,21,no,
00107778,euro-pallet,57,no,
00107779,euro-pallet,66,no,
00107780,euro-pallet,55,no,
00107781,rollcontainer,15,no,
00107782,rollcontainer,26,no,
00107783,euro-pallet,47,no,
00107784,euro-pallet,55,no,
00107785,euro-pallet,54,no,
00107786,rollcontainer,43,no,
00107787,euro-pallet,41,no,
00107788,rollcontainer,32,no,
00107789,euro-pallet,52,no,
00107790,rollcontainer,24,no,
00107791,rollcontainer,35,no,
00107792,rollcontainer,41,no,
00107793,rollcontainer,45,no,
00107794,euro-pallet,43,no,
00107795,rollcontainer,34,no,
00107796,euro-pallet,47,no,
00107797,euro-pallet,35,no,
00107798,rollcontainer,37,no,
00107799,rollcontainer,37,no,
00107800,rollcontainer,26,no,
00107801,rollcontainer,32,no,
00107802,rollcontainer,43,no,
00107803,rollcontainer,34,no,
00107804,rollcontainer,19,no,
00107805,euro-pallet,38,no,
00107806,rollcontainer,17,no,
00107807,euro-pallet,58,no,
00107808,euro-pallet,38,no,
00107809,rollcontainer,44,no,
00107810,euro-pallet,32,no,
00107811,rollcontainer,37,no,
00107812,rollcontainer,33,no,
00107813,euro-pallet,57,no,
00107814,euro-pallet,54,no,
00107815,rollcontainer,58,no,
00107816,rollcontainer,43,no,
00107817,euro-pallet,52,no,
00107818,euro-pallet,46,no,
00107819,rollcontainer,40,no,
00107820,euro-pallet,103,no,
00107821,rollcontainer,25,no,
00107822,euro-pallet,66,no,
00107823,euro-pallet,46,no,
00107824,rollcontainer,44,no,
00107825,rollcontainer,40,no,
00107826,euro-pallet,52,no,
00107827,rollcontainer,19,no,
00107828,rollcontainer,34,no,
00107829,rollcontainer,15,no,
00107830,rollcontainer,47,no,
00107831,rollcontainer,39,no,
00107832,rollcontainer,48,no,
00107833,rollcontainer,35,no,
00107834,rollcontainer,39,no,
00107835,euro-pallet,60,no,
00107836,euro-pallet,60,no,
00107837,rollcontainer,31,no,
00107838,rollcontainer,51,no,
00107839,rollcontainer,18,no,
00107840,euro-pallet,42,no,
00107841,rollcontainer,40,no,
00107842,rollcontainer,19,no,
00107843,euro-pallet,25,no,
00107844,euro-pallet,42,no,
00107845,euro-pallet,51,no,
00107846,rollcontainer,17,no,
00107847,euro-pallet,58,no,
00107848,euro-pallet,51,no,
00107849,euro-pallet,48,no,
00107850,rollcontainer,44,no,
00107851,euro-pallet,60,no,
00107852,rollcontainer,26,no,
00107853,euro-pallet,55,no,
00107854,rollcontainer,45,no,
00107855,rollcontainer,36,no,
00107856,rollcontainer,26,no,
00107857,rollcontainer,46,no,
00107858,euro-pallet,50,no,
00107859,rollcontainer,47,no,
00107860,euro-pallet,41,no,
00107861,rollcontainer,32,no,
00107862,rollcontainer,42,no,
00107863,euro-pallet,54,no,
00107864,euro-pallet,44,no,
00107865,euro-pallet,51,no,
00107866,euro-pallet,47,no,
00107867,rollcontainer,34,no,
00107868,euro-pallet,29,no,
00107869,rollcontainer,38,no,
00107870,rollcontainer,35,no,
00107871,euro-pallet,57,no,
00107872,rollcontainer,19,no,
00107873,rollcontainer,32,no,
00107874,rollcontainer,36,no,
00107875,rollcontainer,42,no,
00107876,rollcontainer,31,no,
00107877,rollcontainer,49,no,
00107878,rollcontainer,45,no,
00107879,rollcontainer,26,no,
00107880,rollcontainer,35,no,
00107881,rollcontainer,16,no,
00107882,rollcontainer,50,no,
00107883,rollcontainer,42,no,
00107884,euro-pallet,35,no,
00107885,rollcontainer,47,no,
00107886,rollcontainer,47,no,
00107887,rollcontainer,40,no,
00107888,euro-pallet,57,no,
00107889,rollcontainer,35,no,
00107890,rollcontainer,68,no,
00107891,rollcontainer,27,no,
00107892,euro-pallet,55,no,
00107893,rollcontainer,35,no,
00107894,euro-pallet,57,no,
00107895,euro-pallet,54,no,
00107896,rollcontainer,33,no,
00107897,rollcontainer,45,no,
00107898,rollcontainer,41,no,
00107899,euro-pallet,52,no,
00107900,rollcontainer,34,no,
00107901,rollcontainer,42,no,
00107902,euro-pallet,50,no,
00107903,rollcontainer,38,no,
00107904,euro-pallet,64,no,
00107905,rollcontainer,45,no,
00107906,rollcontainer,24,no,
00107907,euro-pallet,62,no,
00107908,rollcontainer,19,no,
00107909,rollcontainer,31,no,
00107910,rollcontainer,29,no,
00107911,rollcontainer,23,no,
00107912,rollcontainer,37,no,
00107913,euro-pallet,53,no,
00107914,euro-pallet,62,no,
00107915,euro-pallet,32,no,
00107916,euro-pallet,54,no,
00107917,rollcontainer,45,no,
00107918,rollcontainer,30,no,
00107919,euro-pallet,59,no,
00107920,euro-pallet,32,no,
00107921,euro-pallet,34,no,
00107922,euro-pallet,78,no,
00107923,euro-pallet,55,no,
00107924,euro-pallet,36,no,
00107925,rollcontainer,41,no,
00107926,euro-pallet,63,no,
00107927,euro-pallet,31,no,
00107928,rollcontainer,40,no,
00107929,rollcontainer,31,no,
00107930,euro-pallet,53,no,
00107931,rollcontainer,43,no,
00107932,rollcontainer,43,no,
00107933,rollcontainer,34,no,
00107934,rollcontainer,38,no,
00107935,rollcontainer,38,no,
00107936,euro-pallet,61,no,
00107937,rollcontainer,42,no,
00107938,euro-pallet,43,no,
00107939,euro-pallet,105,no,
00107940,euro-pallet,62,no,
00107941,rollcontainer,43,no,
00107942,euro-pallet,57,no,
00107943,rollcontainer,47,no,
00107944,rollcontainer,39,no,
00107945,rollcontainer,38,no,
00107946,rollcontainer,77,no,
00107947,euro-pallet,88,no,
00107948,rollcontainer,43,no,
00107949,euro-pallet,58,no,
00107950,euro-pallet,48,no,
00107951,rollcontainer,23,no,
00107952,rollcontainer,47,no,
00107953,euro-pallet,43,no,
00107954,euro-pallet,54,no,
00107955,rollcontainer,37,no,
00107956,rollcontainer,16,no,
00107957,euro-pallet,38,no,
00107958,rollcontainer,38,no,
00107959,euro-pallet,55,no,
00107960,rollcontainer,42,no,
00107961,euro-pallet,65,no,
00107962,euro-pallet,63,no,
00107963,euro-pallet,53,no,
00107964,rollcontainer,35,no,
00107965,euro-pallet,58,no,
00107966,euro-pallet,36,no,
00107967,euro-pallet,63,no,
00107968,rollcontainer,44,no,
00107969,euro-pallet,62,no,
00107970,rollcontainer,41,no,
00107971,euro-pallet,107,no,
00107972,euro-pallet,29,no,
00107973,euro-pallet,32,no,
00107974,rollcontainer,41,no,
00107975,rollcontainer,16,no,
00107976,euro-pallet,54,no,
00107977,rollcontainer,32,no,
00107978,rollcontainer,43,no,
00107979,rollcontainer,43,no,
00107980,euro-pallet,53,no,
00107981,euro-pallet,56,no,
00107982,rollcontainer,39,no,
00107983,rollcontainer,45,no,
00107984,rollcontainer,49,no,
00107985,rollcontainer,37,no,
00107986,rollcontainer,46,no,
00107987,rollcontainer,35,no,
00107988,rollcontainer,31,no,
00107989,rollcontainer,42,no,
00107990,rollcontainer,42,no,
00107991,rollcontainer,42,no,
00107992,euro-pallet,61,no,
00107993,euro-pallet,65,no,
00107994,rollcontainer,42,no,
00107995,rollcontainer,43,no,
00107996,rollcontainer,49,no,
00107997,euro-pallet,50,no,
00107998,rollcontainer,42,no,
00107999,rollcontainer,33,no,
00108000,rollcontainer,36,no,
00108001,rollcontainer,37,no,
00108002,euro-pallet,38,no,
00108003,rollcontainer,19,no,
00108004,euro-pallet,63,no,
00108005,rollcontainer,37,no,
00108006,rollcontainer,42,no,
00108007,rollcontainer,33,no,
00108008,rollcontainer,45,no,
00108009,rollcontainer,17,no,
00108010,euro-pallet,58,no,
00108011,rollcontainer,43,no,
00108012,rollcontainer,44,no,
00108013,rollcontainer,16,no,
00108014,rollcontainer,47,no,
00108015,euro-pallet,46,no,
00108016,euro-pallet,49,no,
00108017,rollcontainer,19,no,
00108018,euro-pallet,44,no,
00108019,rollcontainer,55,no,
00108020,rollcontainer,67,no,
00108021,euro-pallet,52,no,
00108022,rollcontainer,37,no,
00108023,rollcontainer,51,no,
00108024,rollcontainer,34,no,
00108025,rollcontainer,20,no,
00108026,rollcontainer,43,no,
00108027,rollcontainer,17,no,
00108028,rollcontainer,32,no,
00108029,rollcontainer,33,no,
00108030,euro-pallet,43,no,
00108031,euro-pallet,57,no,
00108032,rollcontainer,40,no,
00108033,euro-pallet,61,no,
00108034,euro-pallet,31,no,
00108035,rollcontainer,42,no,
00108036,euro-pallet,48,no,
00108037,euro-pallet,39,no,
00108038,rollcontainer,41,no,
00108039,euro-pallet,52,no,
00108040,euro-pallet,60,no,
00108041,rollcontainer,39,no,
00108042,euro-pallet,37,no,
00108043,rollcontainer,31,no,
00108044,rollcontainer,40,no,
00108045,rollcontainer,18,no,
00108046,rollcontainer,39,no,
00108047,euro-pallet,29,no,
00108048,rollcontainer,44,no,
00108049,rollcontainer,18,no,
00108050,euro-pallet,42,no,
00108051,euro-pallet,61,no,
00108052,euro-pallet,52,no,
00108053,euro-pallet,50,no,
00108054,rollcontainer,33,no,
00108055,euro-pallet,45,no,
00108056,rollcontainer,41,no,
00108057,rollcontainer,76,no,
00108058,euro-pallet,64,no,
00108059,rollcontainer,31,no,
00108060,euro-pallet,49,no,
00108061,euro-pallet,51,no,
00108062,euro-pallet,56,no,
00108063,rollcontainer,31,no,
00108064,euro-pallet,41,no,
00108065,euro-pallet,60,no,
00108066,euro-pallet,45,no,
00108067,rollcontainer,22,no,
00108068,rollcontainer,39,no,
00108069,rollcontainer,24,no,
00108070,rollcontainer,70,no,
00108071,euro-pallet,55,no,
00108072,euro-pallet,46,no,
00108073,rollcontainer,40,no,
00108074,rollcontainer,41,no,
00108075,rollcontainer,26,no,
00108076,rollcontainer,45,no,
00108077,euro-pallet,54,no,
00108078,rollcontainer,36,no,
00108079,rollcontainer,41,no,
00108080,euro-pallet,51,no,
00108081,rollcontainer,36,no,
00108082,rollcontainer,34,no,
00108083,rollcontainer,41,no,
00108084,euro-pallet,60,no,
00108085,euro-pallet,55,no,
00108086,euro-pallet,54,no,
00108087,rollcontainer,31,no,
00108088,rollcontainer,46,no,
00108089,rollcontainer,26,no,
00108090,euro-pallet,56,no,
00108091,euro-pallet,61,no,
00108092,euro-pallet,53,no,
00108093,rollcontainer,36,no,
00108094,euro-pallet,56,no,
00108095,rollcontainer,27,no,
00108096,rollcontainer,35,no,
00108097,euro-pallet,35,no,
00108098,rollcontainer,47,no,
00108099,rollcontainer,32,no,
00108100,rollcontainer,17,no,
00108101,rollcontainer,76,no,
00108102,rollcontainer,30,no,
00108103,rollcontainer,20,no,
00108104,rollcontainer,21,no,
00108105,euro-pallet,35,no,
00108106,euro-pallet,31,no,
00108107,euro-pallet,56,no,
00108108,rollcontainer,38,no,
00108109,euro-pallet,50,no,
00108110,rollcontainer,25,no,
00108111,rollcontainer,53,no,
00108112,euro-pallet,38,no,
00108113,rollcontainer,35,no,
00108114,rollcontainer,25,no,
00108115,rollcontainer,31,no,
00108116,euro-pallet,68,no,
00108117,rollcontainer,44,no,
00108118,euro-pallet,51,no,
00108119,euro-pallet,62,no,
00108120,euro-pallet,69,no,
00108121,rollcontainer,35,no,
00108122,rollcontainer,28,no,
00108123,rollcontainer,42,no,
00108124,rollcontainer,29,no,
00108125,rollcontainer,33,no,
00108126,euro-pallet,53,no,
00108127,euro-pallet,47,no,
00108128,rollcontainer,47,no,
00108129,euro-pallet,63,no,
00108130,rollcontainer,43,no,
00108131,rollcontainer,24,no,
00108132,rollcontainer,40,no,
00108133,euro-pallet,39,no,
00108134,euro-pallet,31,no,
00108135,rollcontainer,26,no,
00108136,rollcontainer,39,no,
00108137,rollcontainer,60,no,
00108138,euro-pallet,46,no,
00108139,rollcontainer,38,no,
00108140,rollcontainer,38,no,
00108141,rollcontainer,25,no,
00108142,euro-pallet,48,no,
00108143,rollcontainer,35,no,
00108144,rollcontainer,32,no,
00108145,rollcontainer,39,no,
00108146,rollcontainer,22,no,
00108147,euro-pallet,36,no,
00108148,rollcontainer,21,no,
00108149,euro-pallet,59,no,
00108150,rollcontainer,32,no,
00108151,rollcontainer,44,no,
00108152,euro-pallet,57,no,
00108153,euro-pallet,43,no,
00108154,euro-pallet,50,no,
00108155,rollcontainer,34,no,
00108156,rollcontainer,46,no,
00108157,euro-pallet,58,no,
00108158,euro-pallet,51,no,
00108159,rollcontainer,41,no,
00108160,euro-pallet,63,no,
00108161,rollcontainer,40,no,
00108162,rollcontainer,61,no,
00108163,rollcontainer,38,no,
00108164,euro-pallet,57,no,
00108165,rollcontainer,46,no,
00108166,rollcontainer,26,no,
00108167,rollcontainer,22,no,
00108168,euro-pallet,36,no,
00108169,euro-pallet,45,no,
00108170,euro-pallet,51,no,
00108171,euro-pallet,49,no,
00108172,rollcontainer,47,no,
00108173,rollcontainer,43,no,
00108174,euro-pallet,44,no,
00108175,rollcontainer,44,no,
00108176,rollcontainer,39,no,
00108177,rollcontainer,51,no,
00108178,euro-pallet,50,no,
00108179,rollcontainer,49,no,
00108180,euro-pallet,58,no,
00108181,rollcontainer,30,no,
00108182,euro-pallet,38,no,
00108183,rollcontainer,23,no,
00108184,euro-pallet,41,no,
00108185,euro-pallet,56,no,
00108186,euro-pallet,33,no,
00108187,euro-pallet,60,no,
00108188,rollcontainer,40,no,
00108189,euro-pallet,39,no,
00108190,euro-pallet,58,no,
00108191,euro-pallet,41,no,
00108192,rollcontainer,39,no,
00108193,rollcontainer,47,no,
00108194,rollcontainer,48,no,
00108195,euro-pallet,50,no,
00108196,rollcontainer,38,no,
00108197,euro-pallet,56,no,
00108198,rollcontainer,31,no,
00108199,rollcontainer,36,no,
00108200,euro-pallet,58,no,
00108201,euro-pallet,44,no,
00108202,rollcontainer,33,no,
00108203,euro-pallet,46,no,
00108204,rollcontainer,18,no,
00108205,rollcontainer,40,no,
00108206,euro-pallet,35,no,
00108207,rollcontainer,19,no,
00108208,euro-pallet,69,no,
00108209,rollcontainer,18,no,
00108210,rollcontainer,35,no,
00108211,euro-pallet,98,no,
00108212,euro-pallet,50,no,
00108213,euro-pallet,37,no,
00108214,rollcontainer,33,no,
00108215,rollcontainer,35,no,
00108216,euro-pallet,63,no,
00108217,rollcontainer,50,no,
00108218,rollcontainer,47,no,
00108219,euro-pallet,61,no,
00108220,rollcontainer,42,no,
00108221,rollcontainer,19,no,
00108222,rollcontainer,41,no,
00108223,rollcontainer,21,no,
00108224,rollcontainer,27,no,
00108225,rollcontainer,43,no,
00108226,euro-pallet,61,no,
00108227,rollcontainer,25,no,
00108228,rollcontainer,31,no,
00108229,rollcontainer,43,no,
00108230,euro-pallet,45,no,
00108231,rollcontainer,19,no,
00108232,rollcontainer,50,no,
00108233,rollcontainer,46,no,
00108234,euro-pallet,50,no,
00108235,euro-pallet,58,no,
00108236,rollcontainer,36,no,
00108237,rollcontainer,44,no,
00108238,rollcontainer,40,no,
00108239,euro-pallet,54,no,
00108240,rollcontainer,48,no,
00108241,rollcontainer,25,no,
00108242,euro-pallet,57,no,
00108243,euro-pallet,43,no,
00108244,rollcontainer,32,no,
00108245,rollcontainer,27,no,
00108246,euro-pallet,31,no,
00108247,rollcontainer,47,no,
00108248,rollcontainer,35,no,
00108249,rollcontainer,48,no,
00108250,rollcontainer,32,no,
00108251,rollcontainer,37,no,
00108252,euro-pallet,42,no,
00108253,rollcontainer,39,no,
00108254,euro-pallet,48,no,
00108255,rollcontainer,37,no,
00108256,rollcontainer,33,no,
00108257,rollcontainer,35,no,
00108258,euro-pallet,37,no,
00108259,rollcontainer,34,no,
00108260,rollcontainer,33,no,
00108261,rollcontainer,35,no,
00108262,rollcontainer,44,no,
00108263,euro-pallet,68,no,
00108264,euro-pallet,57,no,
00108265,euro-pallet,59,no,
00108266,rollcontainer,37,no,
00108267,euro-pallet,28,no,
00108268,rollcontainer,35,no,
00108269,rollcontainer,15,no,
00108270,euro-pallet,50,no,
00108271,euro-pallet,57,no,
00108272,rollcontainer,51,no,
00108273,rollcontainer,41,no,
00108274,rollcontainer,38,no,
00108275,euro-pallet,40,no,
00108276,rollcontainer,37,no,
00108277,euro-pallet,44,no,
00108278,rollcontainer,45,no,
00108279,rollcontainer,42,no,
00108280,rollcontainer,61,no,
00108281,rollcontainer,47,no,
00108282,euro-pallet,38,no,
00108283,rollcontainer,18,no,
00108284,rollcontainer,32,no,
00108285,euro-pallet,47,no,
00108286,rollcontainer,47,no,
00108287,rollcontainer,49,no,
00108288,euro-pallet,33,no,
00108289,euro-pallet,57,no,
00108290,rollcontainer,23,no,
00108291,rollcontainer,18,no,
00108292,euro-pallet,58,no,
00108293,euro-pallet,50,no,
00108294,euro-pallet,57,no,
00108295,euro-pallet,46,no,
00108296,rollcontainer,18,no,
00108297,rollcontainer,42,no,
00108298,euro-pallet,59,no,
00108299,rollcontainer,38,no,
00108300,rollcontainer,37,no,
00108301,rollcontainer,29,no,
00108302,euro-pallet,51,no,
00108303,rollcontainer,47,no,
00108304,euro-pallet,57,no,
00108305,euro-pallet,25,no,
00108306,rollcontainer,42,no,
00108307,rollcontainer,39,no,
00108308,euro-pallet,24,no,
00108309,rollcontainer,36,no,
00108310,rollcontainer,37,no,
00108311,euro-pallet,52,no,
00108312,euro-pallet,46,no,
00108313,rollcontainer,36,no,
00108314,rollcontainer,14,no,
00108315,rollcontainer,16,no,
00108316,rollcontainer,36,no,
00108317,rollcontainer,43,no,
00108318,rollcontainer,44,no,
00108319,rollcontainer,51,no,
00108320,euro-pallet,58,no,
00108321,euro-pallet,59,no,
00108322,rollcontainer,36,no,
00108323,rollcontainer,43,no,
00108324,euro-pallet,44,no,
00108325,euro-pallet,60,no,
00108326,rollcontainer,30,no,
00108327,euro-pallet,39,no,
00108328,rollcontainer,43,no,
00108329,rollcontainer,44,no,
00108330,euro-pallet,58,no,
00108331,rollcontainer,47,no,
00108332,rollcontainer,36,no,
00108333,euro-pallet,41,no,
00108334,rollcontainer,41,no,
00108335,euro-pallet,41,no,
00108336,euro-pallet,38,no,
00108337,rollcontainer,19,no,
00108338,euro-pallet,60,no,
00108339,euro-pallet,56,no,
00108340,euro-pallet,64,no,
00108341,rollcontainer,23,no,
00108342,euro-pallet,58,no,
00108343,rollcontainer,41,no,
00108344,euro-pallet,48,no,
00108345,rollcontainer,48,no,
00108346,euro-pallet,56,no,
00108347,rollcontainer,37,no,
00108348,rollcontainer,30,no,
00108349,rollcontainer,36,no,
00108350,euro-pallet,31,no,
00108351,euro-pallet,54,no,
00108352,euro-pallet,60,no,
00108353,euro-pallet,69,no,
00108354,euro-pallet,57,no,
00108355,rollcontainer,44,no,
00108356,euro-pallet,35,no,
00108357,euro-pallet,52,no,
00108358,euro-pallet,66,no,
00108359,rollcontainer,44,no,
00108360,rollcontainer,45,no,
00108361,rollcontainer,46,no,
00108362,euro-pallet,91,no,
00108363,euro-pallet,68,no,
00108364,rollcontainer,36,no,
00108365,rollcontainer,44,no,
00108366,rollcontainer,48,no,
00108367,rollcontainer,49,no,
00108368,euro-pallet,58,no,
00108369,rollcontainer,17,no,
00108370,euro-pallet,32,no,
00108371,euro-pallet,28,no,
00108372,euro-pallet,55,no,
00108373,rollcontainer,46,no,
00108374,rollcontainer,34,no,
00108375,euro-pallet,45,no,
00108376,rollcontainer,31,no,
00108377,euro-pallet,62,no,
00108378,euro-pallet,47,no,
00108379,euro-pallet,56,no,
00108380,euro-pallet,54,no,
00108381,euro-pallet,41,no,
00108382,rollcontainer,46,no,
00108383,rollcontainer,18,no,
00108384,euro-pallet,50,no,
00108385,euro-pallet,50,no,
00108386,euro-pallet,71,no,
00108387,rollcontainer,16,no,
00108388,rollcontainer,16,no,
00108389,euro-pallet,35,no,
00108390,rollcontainer,24,no,
00108391,euro-pallet,36,no,
00108392,euro-pallet,39,no,
00108393,euro-pallet,52,no,
00108394,rollcontainer,19,no,
00108395,euro-pallet,57,no,
00108396,rollcontainer,18,no,
00108397,euro-pallet,49,no,
00108398,rollcontainer,38,no,
00108399,euro-pallet,60,no,
00108400,rollcontainer,49,no,
00108401,rollcontainer,38,no,
00108402,euro-pallet,66,no,
00108403,rollcontainer,44,no,
00108404,euro-pallet,44,no,
00108405,rollcontainer,74,no,
00108406,rollcontainer,26,no,
00108407,rollcontainer,33,no,
00108408,rollcontainer,39,no,
00108409,rollcontainer,40,no,
00108410,euro-pallet,32,no,
00108411,euro-pallet,32,no,
00108412,euro-pallet,58,no,
00108413,rollcontainer,26,no,
00108414,euro-pallet,58,no,
00108415,euro-pallet,36,no,
00108416,euro-pallet,51,no,
00108417,euro-pallet,52,no,
00108418,rollcontainer,40,no,
00108419,rollcontainer,52,no,
00108420,euro-pallet,28,no,
00108421,euro-pallet,46,no,
00108422,rollcontainer,38,no,
00108423,rollcontainer,40,no,
00108424,euro-pallet,48,no,
00108425,rollcontainer,42,no,
00108426,euro-pallet,53,no,
00108427,euro-pallet,47,no,
00108428,euro-pallet,50,no,
00108429,rollcontainer,37,no,
00108430,rollcontainer,46,no,
00108431,rollcontainer,60,no,
00108432,euro-pallet,78,no,
00108433,euro-pallet,43,no,
00108434,rollcontainer,48,no,
00108435,euro-pallet,48,no,
00108436,rollcontainer,45,no,
00108437,rollcontainer,40,no,
00108438,rollcontainer,41,no,
00108439,rollcontainer,50,no,
00108440,rollcontainer,38,no,
00108441,euro-pallet,54,no,
00108442,euro-pallet,39,no,
00108443,euro-pallet,27,no,
00108444,rollcontainer,34,no,
00108445,rollcontainer,38,no,
00108446,euro-pallet,27,no,
00108447,rollcontainer,43,no,
00108448,rollcontainer,45,no,
00108449,euro-pallet,58,no,
00108450,euro-pallet,67,no,
00108451,euro-pallet,68,no,
00108452,rollcontainer,37,no,
00108453,rollcontainer,46,no,
00108454,rollcontainer,42,no,
00108455,rollcontainer,45,no,
00108456,euro-pallet,30,no,
00108457,euro-pallet,44,no,
00108458,euro-pallet,57,no,
00108459,rollcontainer,30,no,
00108460,euro-pallet,59,no,
00108461,rollcontainer,34,no,
00108462,euro-pallet,46,no,
00108463,rollcontainer,42,no,
00108464,rollcontainer,24,no,
00108465,rollcontainer,35,no,
00108466,rollcontainer,18,no,
00108467,rollcontainer,34,no,
00108468,rollcontainer,39,no,
00108469,rollcontainer,33,no,
00108470,rollcontainer,26,no,
00108471,euro-pallet,42,no,
00108472,euro-pallet,48,no,
00108473,rollcontainer,45,no,
00108474,rollcontainer,38,no,
00108475,euro-pallet,54,no,
00108476,euro-pallet,62,no,
00108477,euro-pallet,56,no,
00108478,rollcontainer,32,no,
00108479,euro-pallet,47,no,
00108480,euro-pallet,55,no,
00108481,euro-pallet,63,no,
00108482,euro-pallet,32,no,
00108483,rollcontainer,40,no,
00108484,rollcontainer,43,no,
00108485,rollcontainer,35,no,
00108486,rollcontainer,43,no,
00108487,rollcontainer,36,no,
00108488,rollcontainer,30,no,
00108489,euro-pallet,58,no,
00108490,rollcontainer,31,no,
00108491,euro-pallet,37,no,
00108492,rollcontainer,34,no,
00108493,euro-pallet,65,no,
00108494,rollcontainer,33,no,
00108495,rollcontainer,20,no,
00108496,rollcontainer,26,no,
00108497,rollcontainer,44,no,
00108498,rollcontainer,32,no,
00108499,euro-pallet,50,no,
00108500,rollcontainer,45,no,
00108501,euro-pallet,26,no,
00108502,euro-pallet,45,no,
00108503,rollcontainer,38,no,
00108504,euro-pallet,60,no,
00108505,rollcontainer,25,no,
00108506,rollcontainer,46,no,
00108507,rollcontainer,34,no,
00108508,euro-pallet,52,no,
00108509,euro-pallet,57,no,
00108510,euro-pallet,39,no,
00108511,euro-pallet,68,no,
00108512,rollcontainer,47,no,
00108513,rollcontainer,36,no,
00108514,euro-pallet,54,no,
00108515,euro-pallet,38,no,
00108516,euro-pallet,59,no,
00108517,euro-pallet,56,no,
00108518,euro-pallet,39,no,
00108519,rollcontainer,44,no,
00108520,rollcontainer,33,no,
00108521,euro-pallet,50,no,
00108522,euro-pallet,30,no,
00108523,rollcontainer,18,no,
00108524,rollcontainer,38,no,
00108525,rollcontainer,20,no,
00108526,euro-pallet,45,no,
00108527,euro-pallet,54,no,
00108528,rollcontainer,45,no,
00108529,euro-pallet,46,no,
00108530,rollcontainer,36,no,
00108531,rollcontainer,30,no,
00108532,euro-pallet,54,no,
00108533,rollcontainer,31,no,
00108534,rollcontainer,55,no,
00108535,euro-pallet,44,no,
00108536,rollcontainer,41,no,
00108537,euro-pallet,42,no,
00108538,euro-pallet,55,no,
00108539,euro-pallet,44,no,
00108540,euro-pallet,41,no,
00108541,rollcontainer,44,no,
00108542,rollcontainer,25,no,
00108543,rollcontainer,38,no,
00108544,rollcontainer,21,no,
00108545,rollcontainer,50,no,
00108546,euro-pallet,54,no,
00108547,euro-pallet,43,no,
00108548,rollcontainer,34,no,
00108549,euro-pallet,59,no,
00108550,rollcontainer,33,no,
00108551,rollcontainer,53,no,
00108552,euro-pallet,46,no,
00108553,euro-pallet,26,no,
00108554,rollcontainer,40,no,
00108555,rollcontainer,25,no,
00108556,euro-pallet,44,no,
00108557,rollcontainer,46,no,
00108558,euro-pallet,46,no,
00108559,euro-pallet,57,no,
00108560,rollcontainer,31,no,
00108561,euro-pallet,49,no,
00108562,euro-pallet,57,no,
00108563,rollcontainer,34,no,
00108564,euro-pallet,26,no,
00108565,euro-pallet,53,no,
00108566,rollcontainer,44,no,
00108567,euro-pallet,38,no,
00108568,rollcontainer,59,no,
00108569,rollcontainer,35,no,
00108570,euro-pallet,39,no,
00108571,euro-pallet,51,no,
00108572,rollcontainer,35,no,
00108573,euro-pallet,55,no,
00108574,rollcontainer,48,no,
00108575,euro-pallet,46,no,
00108576,euro-pallet,60,no,
00108577,rollcontainer,45,no,
00108578,rollcontainer,35,no,
00108579,euro-pallet,64,no,
00108580,euro-pallet,67,no,
00108581,rollcontainer,22,no,
00108582,rollcontainer,49,no,
00108583,euro-pallet,66,no,
00108584,euro-pallet,59,no,
00108585,rollcontainer,22,no,
00108586,rollcontainer,38,no,
00108587,rollcontainer,33,no,
00108588,euro-pallet,50,no,
00108589,euro-pallet,41,no,
00108590,rollcontainer,49,no,
00108591,euro-pallet,58,no,
00108592,rollcontainer,19,yes,bedbpp_order_00108592_rollcontainer.txt
00108593,euro-pallet,81,no,
00108594,rollcontainer,34,no,
00108595,euro-pallet,65,no,
00108596,rollcontainer,40,no,
00108597,rollcontainer,47,no,
00108598,rollcontainer,40,no,
00108599,rollcontainer,35,no,
00108600,euro-pallet,108,no,
00108601,rollcontainer,18,no,
00108602,euro-pallet,43,no,
00108603,euro-pallet,55,no,
00108604,rollcontainer,43,no,
00108605,rollcontainer,46,no,
00108606,euro-pallet,42,no,
00108607,rollcontainer,44,no,
00108608,euro-pallet,64,no,
00108609,rollcontainer,33,no,
00108610,euro-pallet,61,no,
00108611,rollcontainer,45,no,
00108612,rollcontainer,21,no,
00108613,rollcontainer,34,no,
00108614,rollcontainer,43,no,
00108615,rollcontainer,31,no,
00108616,rollcontainer,41,no,
00108617,rollcontainer,45,no,
00108618,rollcontainer,68,no,
00108619,euro-pallet,46,no,
00108620,euro-pallet,58,no,
00108621,euro-pallet,64,no,
00108622,rollcontainer,39,no,
00108623,rollcontainer,38,no,
00108624,rollcontainer,41,no,
00108625,euro-pallet,52,no,
00108626,rollcontainer,32,no,
00108627,euro-pallet,48,no,
00108628,euro-pallet,55,no,
00108629,euro-pallet,62,no,
00108630,rollcontainer,36,no,
00108631,euro-pallet,62,no,
00108632,euro-pallet,30,no,
00108633,rollcontainer,42,no,
00108634,euro-pallet,48,no,
00108635,rollcontainer,16,no,
00108636,rollcontainer,19,no,
00108637,euro-pallet,56,no,
00108638,euro-pallet,51,no,
00108639,rollcontainer,34,no,
00108640,euro-pallet,46,no,
00108641,rollcontainer,16,no,
00108642,euro-pallet,39,no,
00108643,euro-pallet,46,no,
00108644,euro-pallet,54,no,
00108645,euro-pallet,49,no,
00108646,rollcontainer,37,no,
00108647,euro-pallet,53,no,
00108648,rollcontainer,46,no,
00108649,rollcontainer,46,no,
00108650,rollcontainer,24,no,
00108651,euro-pallet,44,no,
00108652,rollcontainer,44,no,
00108653,euro-pallet,41,no,
00108654,euro-pallet,36,no,
00108655,rollcontainer,22,no,
00108656,rollcontainer,43,no,
00108657,rollcontainer,42,no,
00108658,euro-pallet,54,no,
00108659,rollcontainer,45,no,
00108660,rollcontainer,30,no,
00108661,euro-pallet,44,no,
00108662,euro-pallet,38,no,
00108663,rollcontainer,33,no,
00108664,rollcontainer,46,no,
00108665,rollcontainer,36,no,
00108666,euro-pallet,61,no,
00108667,euro-pallet,54,no,
00108668,euro-pallet,49,no,
00108669,euro-pallet,54,no,
00108670,euro-pallet,45,no,
00108671,euro-pallet,56,no,
00108672,rollcontainer,45,no,
00108673,euro-pallet,61,no,
00108674,rollcontainer,43,no,
00108675,euro-pallet,33,no,
00108676,rollcontainer,31,no,
00108677,euro-pallet,55,no,
00108678,rollcontainer,50,no,
00108679,rollcontainer,22,no,
00108680,euro-pallet,45,no,
00108681,euro-pallet,55,no,
00108682,rollcontainer,34,no,
00108683,rollcontainer,32,no,
00108684,rollcontainer,33,no,
00108685,rollcontainer,42,no,
00108686,rollcontainer,33,no,
00108687,euro-pallet,43,no,
00108688,euro-pallet,43,no,
00108689,euro-pallet,31,no,
00108690,euro-pallet,54,no,
00108691,euro-pallet,30,no,
00108692,euro-pallet,49,no,
00108693,rollcontainer,20,no,
00108694,rollcontainer,46,no,
00108695,euro-pallet,44,no,
00108696,rollcontainer,40,no,
00108697,euro-pallet,48,no,
00108698,rollcontainer,18,no,
00108699,rollcontainer,40,no,
00108700,euro-pallet,41,no,
00108701,euro-pallet,52,no,
00108702,rollcontainer,21,no,
00108703,rollcontainer,29,no,
00108704,rollcontainer,42,no,
00108705,euro-pallet,33,no,
00108706,rollcontainer,34,no,
00108707,euro-pallet,33,no,
00108708,euro-pallet,62,no,
00108709,rollcontainer,32,no,
00108710,euro-pallet,48,no,
00108711,euro-pallet,24,no,
00108712,euro-pallet,64,no,
00108713,rollcontainer,43,no,
00108714,euro-pallet,42,no,
00108715,rollcontainer,40,no,
00108716,rollcontainer,40,no,
00108717,rollcontainer,18,no,
00108718,rollcontainer,38,no,
00108719,euro-pallet,48,no,
00108720,euro-pallet,40,no,
00108721,euro-pallet,34,no,
00108722,rollcontainer,36,no,
00108723,rollcontainer,40,no,
00108724,rollcontainer,38,no,
00108725,euro-pallet,44,no,
00108726,euro-pallet,56,no,
00108727,rollcontainer,46,no,
00108728,rollcontainer,41,no,
00108729,euro-pallet,47,no,
00108730,euro-pallet,55,no,
00108731,rollcontainer,28,no,
00108732,rollcontainer,43,no,
00108733,euro-pallet,43,no,
00108734,euro-pallet,43,no,
00108735,euro-pallet,53,no,
00108736,euro-pallet,56,no,
00108737,euro-pallet,30,no,
00108738,rollcontainer,43,no,
00108739,euro-pallet,55,no,
00108740,rollcontainer,34,no,
00108741,rollcontainer,40,no,
00108742,rollcontainer,40,no,
00108743,rollcontainer,42,no,
00108744,euro-pallet,38,no,
00108745,euro-pallet,56,no,
00108746,euro-pallet,40,no,
00108747,rollcontainer,33,no,
00108748,rollcontainer,35,no,
00108749,euro-pallet,48,no,
00108750,rollcontainer,40,no,
00108751,rollcontainer,32,no,
00108752,rollcontainer,41,no,
00108753,euro-pallet,54,no,
00108754,rollcontainer,35,no,
00108755,euro-pallet,37,no,
00108756,euro-pallet,42,no,
00108757,rollcontainer,44,no,
00108758,euro-pallet,62,no,
00108759,euro-pallet,39,no,
00108760,euro-pallet,64,no,
00108761,rollcontainer,31,no,
00108762,rollcontainer,41,no,
00108763,rollcontainer,42,no,
00108764,euro-pallet,51,no,
00108765,euro-pallet,46,no,
00108766,rollcontainer,49,no,
00108767,rollcontainer,37,no,
00108768,rollcontainer,20,no,
00108769,euro-pallet,105,no,
00108770,rollcontainer,37,no,
00108771,rollcontainer,38,no,
00108772,euro-pallet,30,no,
00108773,rollcontainer,43,no,
00108774,rollcontainer,44,no,
00108775,rollcontainer,20,no,
00108776,rollcontainer,26,no,
00108777,euro-pallet,50,no,
00108778,euro-pallet,47,no,
00108779,rollcontainer,16,no,
00108780,rollcontainer,21,no,
00108781,euro-pallet,65,no,
00108782,rollcontainer,49,no,
00108783,euro-pallet,62,no,
00108784,rollcontainer,45,no,
00108785,rollcontainer,21,no,
00108786,euro-pallet,50,no,
00108787,euro-pallet,58,no,
00108788,rollcontainer,34,no,
00108789,rollcontainer,40,no,
00108790,euro-pallet,57,no,
00108791,euro-pallet,62,no,
00108792,rollcontainer,24,no,
00108793,euro-pallet,60,no,
00108794,euro-pallet,57,no,
00108795,euro-pallet,61,no,
00108796,euro-pallet,54,no,
00108797,rollcontainer,16,no,
00108798,rollcontainer,36,no,
00108799,euro-pallet,45,no,
00108800,euro-pallet,50,no,
00108801,euro-pallet,43,no,
00108802,euro-pallet,60,no,
00108803,rollcontainer,47,no,
00108804,euro-pallet,47,no,
00108805,euro-pallet,41,no,
00108806,rollcontainer,40,no,
00108807,euro-pallet,94,no,
00108808,rollcontainer,21,no,
00108809,euro-pallet,30,no,
00108810,euro-pallet,59,no,
00108811,euro-pallet,48,no,
00108812,rollcontainer,20,no,
00108813,euro-pallet,45,no,
00108814,rollcontainer,34,no,
00108815,euro-pallet,57,no,
00108816,euro-pallet,50,no,
00108817,rollcontainer,42,no,
00108818,rollcontainer,39,no,
00108819,euro-pallet,45,no,
00108820,rollcontainer,45,no,
00108821,rollcontainer,60,no,
00108822,rollcontainer,34,no,
00108823,rollcontainer,17,no,
00108824,rollcontainer,31,no,
00108825,euro-pallet,66,no,
00108826,rollcontainer,45,no,
00108827,euro-pallet,33,no,
00108828,euro-pallet,45,no,
00108829,euro-pallet,48,no,
00108830,rollcontainer,70,no,
00108831,rollcontainer,42,no,
00108832,euro-pallet,68,no,
00108833,rollcontainer,18,no,
00108834,rollcontainer,23,no,
00108835,euro-pallet,50,no,
00108836,rollcontainer,46,no,
00108837,rollcontainer,21,no,
00108838,euro-pallet,85,no,
00108839,rollcontainer,43,no,
00108840,rollcontainer,42,no,
00108841,rollcontainer,51,no,
00108842,rollcontainer,46,no,
00108843,rollcontainer,74,no,
00108844,euro-pallet,117,no,
00108845,rollcontainer,33,no,
00108846,rollcontainer,19,no,
00108847,rollcontainer,42,no,
00108848,euro-pallet,53,no,
00108849,euro-pallet,48,no,
00108850,euro-pallet,47,no,
00108851,rollcontainer,36,no,
00108852,euro-pallet,57,no,
00108853,euro-pallet,46,no,
00108854,rollcontainer,47,no,
00108855,rollcontainer,17,no,
00108856,rollcontainer,39,no,
00108857,rollcontainer,34,no,
00108858,euro-pallet,50,no,
00108859,rollcontainer,22,no,
00108860,euro-pallet,64,no,
00108861,rollcontainer,40,no,
00108862,rollcontainer,45,no,
00108863,euro-pallet,55,no,
00108864,euro-pallet,57,no,
00108865,rollcontainer,29,no,
00108866,rollcontainer,37,no,
00108867,rollcontainer,23,no,
00108868,rollcontainer,18,no,
00108869,euro-pallet,55,no,
00108870,rollcontainer,37,no,
00108871,rollcontainer,44,no,
00108872,euro-pallet,57,no,
00108873,euro-pallet,59,no,
00108874,rollcontainer,17,no,
00108875,rollcontainer,46,no,
00108876,rollcontainer,19,no,
00108877,euro-pallet,60,no,
00108878,euro-pallet,64,no,
00108879,rollcontainer,33,no,
00108880,euro-pallet,60,no,
00108881,euro-pallet,52,no,
00108882,euro-pallet,58,no,
00108883,euro-pallet,48,no,
00108884,euro-pallet,56,no,
00108885,euro-pallet,43,no,
00108886,euro-pallet,43,no,
00108887,euro-pallet,33,no,
00108888,rollcontainer,45,no,
00108889,rollcontainer,36,no,
00108890,euro-pallet,39,no,
00108891,euro-pallet,62,no,
00108892,rollcontainer,46,no,
00108893,rollcontainer,17,no,
00108894,rollcontainer,34,no,
00108895,rollcontainer,33,no,
00108896,euro-pallet,62,no,
00108897,rollcontainer,18,no,
00108898,rollcontainer,37,no,
00108899,rollcontainer,43,no,
00108900,rollcontainer,61,no,
00108901,euro-pallet,58,no,
00108902,euro-pallet,38,no,
00108903,euro-pallet,47,no,
00108904,rollcontainer,34,no,
00108905,euro-pallet,31,no,
00108906,rollcontainer,42,no,
00108907,rollcontainer,39,no,
00108908,euro-pallet,74,no,
00108909,euro-pallet,48,no,
00108910,rollcontainer,20,no,
00108911,euro-pallet,67,no,
00108912,euro-pallet,49,no,
00108913,rollcontainer,44,no,
00108914,euro-pallet,28,no,
00108915,euro-pallet,49,no,
00108916,euro-pallet,30,no,
00108917,euro-pallet,55,no,
00108918,rollcontainer,41,no,
00108919,euro-pallet,55,no,
00108920,euro-pallet,55,no,
00108921,euro-pallet,43,no,
00108922,rollcontainer,31,no,
00108923,rollcontainer,43,no,
00108924,euro-pallet,51,no,
00108925,rollcontainer,34,no,
00108926,euro-pallet,61,no,
00108927,rollcontainer,44,no,
00108928,rollcontainer,39,no,
00108929,euro-pallet,37,no,
00108930,rollcontainer,17,no,
00108931,rollcontainer,18,no,
00108932,rollcontainer,33,no,
00108933,rollcontainer,35,no,
00108934,euro-pallet,38,no,
00108935,rollcontainer,41,no,
00108936,euro-pallet,51,no,
00108937,rollcontainer,39,no,
00108938,euro-pallet,98,no,
00108939,euro-pallet,55,no,
00108940,rollcontainer,39,no,
00108941,euro-pallet,61,no,
00108942,euro-pallet,49,no,
00108943,euro-pallet,53,no,
00108944,rollcontainer,36,no,
00108945,euro-pallet,44,no,
00108946,rollcontainer,42,no,
00108947,rollcontainer,24,no,
00108948,rollcontainer,48,no,
00108949,euro-pallet,66,no,
00108950,euro-pallet,61,no,
00108951,euro-pallet,60,no,
00108952,euro-pallet,41,no,
00108953,euro-pallet,59,no,
00108954,euro-pallet,73,no,
00108955,rollcontainer,54,no,
00108956,rollcontainer,44,no,
00108957,rollcontainer,52,no,
00108958,rollcontainer,45,no,
00108959,euro-pallet,64,no,
00108960,rollcontainer,36,no,
00108961,euro-pallet,47,no,
00108962,rollcontainer,23,no,
00108963,euro-pallet,49,no,
00108964,rollcontainer,48,no,
00108965,euro-pallet,49,no,
00108966,euro-pallet,50,no,
00108967,rollcontainer,29,no,
00108968,euro-pallet,46,no,
00108969,euro-pallet,45,no,
00108970,rollcontainer,41,no,
00108971,rollcontainer,25,no,
00108972,rollcontainer,22,no,
00108973,rollcontainer,31,no,
00108974,rollcontainer,35,no,
00108975,rollcontainer,51,no,
00108976,rollcontainer,42,no,
00108977,euro-pallet,50,no,
00108978,euro-pallet,49,no,
00108979,rollcontainer,46,no,
00108980,rollcontainer,47,no,
00108981,rollcontainer,39,no,
00108982,rollcontainer,35,no,
00108983,euro-pallet,39,no,
00108984,rollcontainer,44,no,
00108985,rollcontainer,41,no,
00108986,euro-pallet,58,no,
00108987,rollcontainer,39,no,
00108988,rollcontainer,20,no,
00108989,euro-pallet,43,no,
00108990,rollcontainer,27,no,
00108991,euro-pallet,36,no,
00108992,euro-pallet,48,no,
00108993,rollcontainer,44,no,
00108994,rollcontainer,24,no,
00108995,euro-pallet,70,no,
00108996,euro-pallet,30,no,
00108997,rollcontainer,39,no,
00108998,rollcontainer,33,no,
00108999,euro-pallet,50,no,
00109000,euro-pallet,86,no,
00109001,euro-pallet,51,no,
00109002,euro-pallet,52,no,
00109003,euro-pallet,62,no,
00109004,rollcontainer,33,no,
00109005,euro-pallet,52,no,
00109006,rollcontainer,39,no,
00109007,euro-pallet,67,no,
00109008,rollcontainer,50,no,
00109009,rollcontainer,29,no,
00109010,rollcontainer,52,no,
00109011,rollcontainer,40,no,
00109012,euro-pallet,52,no,
00109013,euro-pallet,55,no,
00109014,euro-pallet,60,no,
00109015,euro-pallet,43,no,
00109016,euro-pallet,45,no,
00109017,rollcontainer,36,no,
00109018,euro-pallet,58,no,
00109019,rollcontainer,40,no,
00109020,euro-pallet,47,no,
00109021,rollcontainer,38,no,
00109022,euro-pallet,44,no,
00109023,rollcontainer,31,no,
00109024,euro-pallet,46,no,
00109025,rollcontainer,38,no,
00109026,rollcontainer,38,no,
00109027,euro-pallet,43,no,
00109028,euro-pallet,34,no,
00109029,euro-pallet,55,no,
00109030,rollcontainer,43,no,
00109031,rollcontainer,31,no,
00109032,rollcontainer,43,no,
00109033,euro-pallet,48,no,
00109034,rollcontainer,41,no,
00109035,euro-pallet,43,no,
00109036,euro-pallet,48,no,
00109037,euro-pallet,65,no,
00109038,rollcontainer,38,no,
00109039,rollcontainer,47,no,
00109040,rollcontainer,39,no,
00109041,rollcontainer,40,no,
00109042,rollcontainer,46,no,
00109043,rollcontainer,43,no,
00109044,rollcontainer,53,no,
00109045,euro-pallet,49,no,
00109046,rollcontainer,42,no,
00109047,euro-pallet,46,no,
00109048,euro-pallet,46,no,
00109049,rollcontainer,36,no,
00109050,rollcontainer,32,no,
00109051,euro-pallet,51,no,
00109052,euro-pallet,43,no,
00109053,rollcontainer,28,no,
00109054,rollcontainer,33,no,
00109055,rollcontainer,43,no,
00109056,rollcontainer,38,no,
00109057,euro-pallet,81,no,
00109058,euro-pallet,54,no,
00109059,euro-pallet,55,no,
00109060,rollcontainer,38,no,
00109061,rollcontainer,37,no,
00109062,euro-pallet,60,no,
00109063,euro-pallet,41,no,
00109064,euro-pallet,51,no,
00109065,rollcontainer,36,no,
00109066,euro-pallet,49,no,
00109067,euro-pallet,58,no,
00109068,rollcontainer,39,no,
00109069,rollcontainer,40,no,
00109070,euro-pallet,50,no,
00109071,rollcontainer,40,no,
00109072,rollcontainer,49,no,
00109073,euro-pallet,63,no,
00109074,euro-pallet,59,no,
00109075,rollcontainer,43,no,
00109076,rollcontainer,50,no,
00109077,euro-pallet,25,no,
00109078,euro-pallet,58,no,
00109079,rollcontainer,32,no,
00109080,euro-pallet,49,no,
00109081,rollcontainer,45,no,
00109082,rollcontainer,18,no,
00109083,rollcontainer,45,no,
00109084,euro-pallet,57,no,
00109085,euro-pallet,56,no,
00109086,euro-pallet,41,no,
00109087,rollcontainer,30,no,
00109088,rollcontainer,49,no,
00109089,euro-pallet,49,no,
00109090,euro-pallet,59,no,
00109091,rollcontainer,40,no,
00109092,euro-pallet,82,no,
00109093,rollcontainer,37,no,
00109094,rollcontainer,45,no,
00109095,rollcontainer,37,no,
00109096,euro-pallet,54,no,
00109097,euro-pallet,44,no,
00109098,euro-pallet,52,no,
00109099,euro-pallet,33,no,
00109100,euro-pallet,53,no,
00109101,euro-pallet,50,no,
00109102,rollcontainer,44,no,
00109103,euro-pallet,48,no,
00109104,euro-pallet,41,no,
00109105,euro-pallet,54,no,
00109106,euro-pallet,49,no,
00109107,euro-pallet,63,no,
00109108,euro-pallet,44,no,
00109109,euro-pallet,59,no,
00109110,euro-pallet,55,no,
00109111,rollcontainer,52,no,
00109112,euro-pallet,43,no,
00109113,euro-pallet,37,no,
00109114,rollcontainer,17,no,
00109115,rollcontainer,25,no,
00109116,euro-pallet,50,no,
00109117,rollcontainer,45,no,
00109118,rollcontainer,52,no,
00109119,euro-pallet,32,no,
00109120,rollcontainer,43,no,
00109121,rollcontainer,17,no,
00109122,euro-pallet,61,no,
00109123,rollcontainer,30,no,
00109124,euro-pallet,58,no,
00109125,euro-pallet,42,no,
00109126,rollcontainer,17,no,
00109127,rollcontainer,48,no,
00109128,rollcontainer,38,no,
00109129,euro-pallet,58,no,
00109130,euro-pallet,62,no,
00109131,rollcontainer,43,no,
00109132,rollcontainer,18,no,
00109133,euro-pallet,35,no,
00109134,euro-pallet,33,no,
00109135,rollcontainer,42,no,
00109136,rollcontainer,34,no,
00109137,euro-pallet,46,no,
00109138,rollcontainer,18,no,
00109139,rollcontainer,50,no,
00109140,rollcontainer,43,no,
00109141,rollcontainer,15,no,
00109142,rollcontainer,28,no,
00109143,rollcontainer,45,no,
00109144,euro-pallet,60,no,
00109145,rollcontainer,51,no,
00109146,euro-pallet,51,no,
00109147,rollcontainer,32,no,
00109148,euro-pallet,45,no,
00109149,euro-pallet,59,no,
00109150,euro-pallet,49,no,
00109151,rollcontainer,20,no,
00109152,euro-pallet,29,no,
00109153,rollcontainer,34,no,
00109154,rollcontainer,30,no,
00109155,rollcontainer,48,no,
00109156,euro-pallet,58,no,
00109157,euro-pallet,53,no,
00109158,euro-pallet,35,no,
00109159,rollcontainer,16,no,
00109160,rollcontainer,35,no,
00109161,euro-pallet,41,no,
00109162,rollcontainer,22,no,
00109163,rollcontainer,32,no,
00109164,rollcontainer,19,no,
00109165,rollcontainer,31,no,
00109166,rollcontainer,34,no,
00109167,rollcontainer,27,no,
00109168,euro-pallet,28,no,
00109169,euro-pallet,40,no,
00109170,rollcontainer,40,no,
00109171,euro-pallet,26,no,
00109172,euro-pallet,42,no,
00109173,rollcontainer,27,no,
00109174,rollcontainer,24,no,
00109175,euro-pallet,42,no,
00109176,rollcontainer,22,no,
00109177,euro-pallet,45,no,
00109178,rollcontainer,45,no,
00109179,rollcontainer,16,no,
00109180,rollcontainer,43,no,
00109181,rollcontainer,39,no,
00109182,rollcontainer,45,no,
00109183,euro-pallet,57,no,
00109184,euro-pallet,34,no,
00109185,rollcontainer,40,no,
00109186,euro-pallet,50,no,
00109187,rollcontainer,29,no,
00109188,euro-pallet,64,no,
00109189,euro-pallet,60,no,
00109190,euro-pallet,37,no,
00109191,rollcontainer,37,no,
00109192,rollcontainer,45,no,
00109193,euro-pallet,30,no,
00109194,euro-pallet,47,no,
00109195,rollcontainer,15,no,
00109196,euro-pallet,36,no,
00109197,rollcontainer,23,no,
00109198,euro-pallet,52,no,
00109199,rollcontainer,34,no,
00109200,euro-pallet,56,no,
00109201,euro-pallet,53,no,
00109202,rollcontainer,47,no,
00109203,rollcontainer,45,no,
00109204,rollcontainer,31,no,
00109205,rollcontainer,37,no,
00109206,rollcontainer,43,no,
00109207,euro-pallet,52,no,
00109208,rollcontainer,25,no,
00109209,rollcontainer,40,no,
00109210,rollcontainer,41,no,
00109211,rollcontainer,19,no,
00109212,euro-pallet,66,no,
00109213,euro-pallet,55,no,
00109214,euro-pallet,45,no,
00109215,rollcontainer,41,no,
00109216,euro-pallet,55,no,
00109217,euro-pallet,41,no,
00109218,rollcontainer,16,no,
00109219,euro-pallet,96,no,
00109220,rollcontainer,39,no,
00109221,euro-pallet,60,no,
00109222,euro-pallet,61,no,
00109223,euro-pallet,49,no,
00109224,rollcontainer,43,no,
00109225,rollcontainer,48,no,
00109226,euro-pallet,58,no,
00109227,euro-pallet,43,no,
00109228,rollcontainer,17,no,
00109229,euro-pallet,60,no,
00109230,rollcontainer,42,no,
00109231,rollcontainer,42,no,
00109232,rollcontainer,17,no,
00109233,euro-pallet,41,no,
00109234,rollcontainer,38,no,
00109235,euro-pallet,61,no,
00109236,rollcontainer,42,no,
00109237,rollcontainer,35,no,
00109238,euro-pallet,41,no,
00109239,euro-pallet,52,no,
00109240,euro-pallet,49,no,
00109241,euro-pallet,44,no,
00109242,rollcontainer,45,no,
00109243,rollcontainer,38,no,
00109244,euro-pallet,38,no,
00109245,rollcontainer,46,no,
00109246,euro-pallet,40,no,
00109247,rollcontainer,43,no,
00109248,euro-pallet,56,no,
00109249,euro-pallet,63,no,
00109250,euro-pallet,44,no,
00109251,euro-pallet,60,no,
00109252,euro-pallet,57,no,
00109253,euro-pallet,46,no,
00109254,rollcontainer,33,no,
00109255,rollcontainer,41,no,
00109256,rollcontainer,22,no,
00109257,euro-pallet,52,no,
00109258,rollcontainer,47,no,
00109259,rollcontainer,45,no,
00109260,euro-pallet,33,no,
00109261,rollcontainer,21,no,
00109262,euro-pallet,41,no,
00109263,rollcontainer,45,no,
00109264,rollcontainer,64,no,
00109265,rollcontainer,34,no,
00109266,euro-pallet,60,no,
00109267,rollcontainer,44,no,
00109268,euro-pallet,54,no,
00109269,rollcontainer,75,no,
00109270,rollcontainer,42,no,
00109271,rollcontainer,21,no,
00109272,euro-pallet,43,no,
00109273,euro-pallet,53,no,
00109274,rollcontainer,39,no,
00109275,rollcontainer,49,no,
00109276,rollcontainer,34,no,
00109277,rollcontainer,38,no,
00109278,euro-pallet,43,no,
00109279,rollcontainer,21,no,
00109280,euro-pallet,37,no,
00109281,rollcontainer,40,no,
00109282,euro-pallet,56,no,
00109283,euro-pallet,43,no,
00109284,rollcontainer,32,no,
00109285,euro-pallet,55,no,
00109286,euro-pallet,50,no,
00109287,rollcontainer,16,no,
00109288,rollcontainer,49,no,
00109289,rollcontainer,40,no,
00109290,rollcontainer,49,no,
00109291,euro-pallet,66,no,
00109292,euro-pallet,42,no,
00109293,rollcontainer,43,no,
00109294,rollcontainer,16,no,
00109295,euro-pallet,42,no,
00109296,euro-pallet,93,no,
00109297,euro-pallet,53,no,
00109298,euro-pallet,44,no,
00109299,rollcontainer,35,no,
00109300,rollcontainer,45,no,
00109301,euro-pallet,41,no,
00109302,rollcontainer,40,no,
00109303,rollcontainer,37,no,
00109304,rollcontainer,38,no,
00109305,rollcontainer,36,no,
00109306,euro-pallet,47,no,
00109307,rollcontainer,43,no,
00109308,euro-pallet,59,no,
00109309,euro-pallet,62,no,
00109310,euro-pallet,47,no,
00109311,rollcontainer,18,no,
00109312,rollcontainer,34,no,
00109313,rollcontainer,17,no,
00109314,rollcontainer,55,no,
00109315,rollcontainer,38,no,
00109316,rollcontainer,25,no,
00109317,rollcontainer,33,no,
00109318,euro-pallet,58,no,
00109319,rollcontainer,20,no,
00109320,rollcontainer,17,no,
00109321,euro-pallet,39,no,
00109322,rollcontainer,36,no,
00109323,rollcontainer,29,no,
00109324,euro-pallet,49,no,
00109325,euro-pallet,39,no,
00109326,euro-pallet,54,no,
00109327,euro-pallet,58,no,
00109328,rollcontainer,42,no,
00109329,euro-pallet,54,no,
00109330,euro-pallet,53,no,
00109331,rollcontainer,30,no,
00109332,euro-pallet,32,no,
00109333,rollcontainer,36,no,
00109334,rollcontainer,36,no,
00109335,euro-pallet,59,no,
00109336,euro-pallet,32,no,
00109337,rollcontainer,36,no,
00109338,euro-pallet,57,no,
00109339,euro-pallet,45,no,
00109340,euro-pallet,33,no,
00109341,rollcontainer,45,no,
00109342,euro-pallet,55,no,
00109343,rollcontainer,46,no,
00109344,rollcontainer,38,no,
00109345,rollcontainer,62,no,
00109346,rollcontainer,32,no,
00109347,rollcontainer,34,no,
00109348,rollcontainer,44,no,
00109349,rollcontainer,32,no,
00109350,rollcontainer,42,no,
00109351,rollcontainer,33,no,
00109352,euro-pallet,47,no,
00109353,rollcontainer,35,no,
00109354,euro-pallet,64,no,
00109355,euro-pallet,43,no,
00109356,euro-pallet,57,no,
00109357,euro-pallet,25,no,
00109358,euro-pallet,65,no,
00109359,euro-pallet,47,no,
00109360,rollcontainer,36,no,
00109361,rollcontainer,23,no,
00109362,rollcontainer,39,no,
00109363,euro-pallet,57,no,
00109364,rollcontainer,33,no,
00109365,euro-pallet,55,no,
00109366,euro-pallet,58,no,
00109367,euro-pallet,46,no,
00109368,rollcontainer,44,no,
00109369,rollcontainer,33,no,
00109370,rollcontainer,46,no,
00109371,rollcontainer,45,no,
00109372,rollcontainer,17,no,
00109373,euro-pallet,47,no,
00109374,rollcontainer,42,no,
00109375,rollcontainer,20,no,
00109376,rollcontainer,40,no,
00109377,euro-pallet,59,no,
00109378,rollcontainer,47,no,
00109379,rollcontainer,29,no,
00109380,rollcontainer,41,no,
00109381,euro-pallet,54,no,
00109382,euro-pallet,52,no,
00109383,rollcontainer,45,no,
00109384,rollcontainer,54,no,
00109385,rollcontainer,45,no,
00109386,rollcontainer,18,no,
00109387,rollcontainer,31,no,
00109388,rollcontainer,35,no,
00109389,euro-pallet,50,no,
00109390,rollcontainer,42,no,
00109391,euro-pallet,49,no,
00109392,rollcontainer,20,no,
00109393,euro-pallet,54,no,
00109394,rollcontainer,16,no,
00109395,rollcontainer,32,no,
00109396,rollcontainer,48,no,
00109397,rollcontainer,39,no,
00109398,rollcontainer,44,no,
00109399,rollcontainer,34,no,
00109400,rollcontainer,42,no,
00109401,euro-pallet,52,no,
00109402,rollcontainer,38,no,
00109403,rollcontainer,41,no,
00109404,rollcontainer,19,no,
00109405,euro-pallet,32,no,
00109406,rollcontainer,39,no,
00109407,euro-pallet,57,no,
00109408,euro-pallet,34,no,
00109409,euro-pallet,39,no,
00109410,euro-pallet,62,no,
00109411,rollcontainer,34,no,
00109412,rollcontainer,43,no,
00109413,euro-pallet,34,no,
00109414,euro-pallet,30,no,
00109415,rollcontainer,47,no,
00109416,rollcontainer,37,no,
00109417,euro-pallet,47,no,
00109418,euro-pallet,59,no,
00109419,rollcontainer,36,no,
00109420,rollcontainer,51,no,
00109421,rollcontainer,16,no,
00109422,euro-pallet,23,no,
00109423,euro-pallet,51,no,
00109424,rollcontainer,31,no,
00109425,euro-pallet,51,no,
00109426,rollcontainer,35,no,
00109427,euro-pallet,38,no,
00109428,rollcontainer,19,no,
00109429,rollcontainer,18,no,
00109430,rollcontainer,36,no,
00109431,euro-pallet,57,no,
00109432,euro-pallet,62,no,
00109433,euro-pallet,61,no,
00109434,rollcontainer,18,no,
00109435,rollcontainer,29,no,
00109436,euro-pallet,49,no,
00109437,euro-pallet,64,no,
00109438,rollcontainer,23,no,
00109439,rollcontainer,41,no,
00109440,euro-pallet,68,no,
00109441,rollcontainer,40,no,
00109442,rollcontainer,38,no,
00109443,rollcontainer,52,no,
00109444,rollcontainer,37,no,
00109445,rollcontainer,34,no,
00109446,euro-pallet,54,no,
00109447,euro-pallet,50,no,
00109448,euro-pallet,32,no,
00109449,euro-pallet,40,no,
00109450,rollcontainer,31,no,
00109451,rollcontainer,44,no,
00109452,euro-pallet,30,no,
00109453,euro-pallet,31,no,
00109454,rollcontainer,46,no,
00109455,euro-pallet,46,no,
00109456,rollcontainer,37,no,
00109457,rollcontainer,17,no,
00109458,euro-pallet,44,no,
00109459,rollcontainer,25,no,
00109460,rollcontainer,48,no,
00109461,rollcontainer,36,no,
00109462,euro-pallet,55,no,
00109463,euro-pallet,42,no,
00109464,euro-pallet,50,no,
00109465,rollcontainer,47,no,
00109466,euro-pallet,56,no,
00109467,rollcontainer,36,no,
00109468,rollcontainer,25,no,
00109469,euro-pallet,46,no,
00109470,rollcontainer,32,no,
00109471,rollcontainer,50,no,
00109472,euro-pallet,58,no,
00109473,rollcontainer,21,no,
00109474,rollcontainer,30,no,
00109475,euro-pallet,40,no,
00109476,rollcontainer,51,no,
00109477,euro-pallet,34,no,
00109478,rollcontainer,32,no,
00109479,rollcontainer,38,no,
00109480,euro-pallet,54,no,
00109481,rollcontainer,34,no,
00109482,rollcontainer,44,no,
00109483,rollcontainer,33,no,
00109484,euro-pallet,50,no,
00109485,rollcontainer,41,no,
00109486,euro-pallet,61,no,
00109487,euro-pallet,34,no,
00109488,rollcontainer,19,no,
00109489,rollcontainer,46,no,
00109490,rollcontainer,43,no,
00109491,rollcontainer,18,no,
00109492,rollcontainer,34,no,
00109493,euro-pallet,61,no,
00109494,rollcontainer,19,no,
00109495,rollcontainer,38,no,
00109496,euro-pallet,36,no,
00109497,rollcontainer,40,no,
00109498,euro-pallet,28,no,
00109499,rollcontainer,41,no,
00109500,rollcontainer,40,no,
00109501,rollcontainer,30,no,
00109502,rollcontainer,46,no,
00109503,rollcontainer,53,no,
00109504,rollcontainer,38,no,
00109505,rollcontainer,16,no,
00109506,euro-pallet,52,no,
00109507,euro-pallet,62,no,
00109508,rollcontainer,48,no,
00109509,euro-pallet,43,no,
00109510,rollcontainer,18,no,
00109511,euro-pallet,50,no,
00109512,rollcontainer,39,no,
00109513,euro-pallet,48,no,
00109514,euro-pallet,43,no,
00109515,euro-pallet,94,no,
00109516,rollcontainer,38,no,
00109517,euro-pallet,51,no,
00109518,euro-pallet,51,no,
00109519,rollcontainer,47,no,
00109520,rollcontainer,18,no,
00109521,euro-pallet,54,no,
00109522,euro-pallet,46,no,
00109523,euro-pallet,64,no,
00109524,rollcontainer,42,no,
00109525,rollcontainer,31,no,
00109526,euro-pallet,41,no,
00109527,euro-pallet,31,no,
00109528,rollcontainer,34,no,
00109529,euro-pallet,33,no,
00109530,euro-pallet,50,no,
00109531,euro-pallet,33,no,
00109532,rollcontainer,41,no,
00109533,rollcontainer,19,no,
00109534,rollcontainer,30,no,
00109535,rollcontainer,19,no,
00109536,euro-pallet,48,no,
00109537,euro-pallet,50,no,
00109538,euro-pallet,57,no,
00109539,euro-pallet,61,no,
00109540,rollcontainer,36,no,
00109541,rollcontainer,42,no,
00109542,euro-pallet,43,no,
00109543,euro-pallet,45,no,
00109544,euro-pallet,58,no,
00109545,rollcontainer,33,no,
00109546,euro-pallet,31,no,
00109547,rollcontainer,49,no,
00109548,euro-pallet,65,no,
00109549,rollcontainer,32,no,
00109550,rollcontainer,24,no,
00109551,euro-pallet,65,no,
00109552,euro-pallet,52,no,
00109553,euro-pallet,41,no,
00109554,rollcontainer,37,no,
00109555,euro-pallet,52,no,
00109556,rollcontainer,21,no,
00109557,rollcontainer,20,no,
00109558,euro-pallet,62,no,
00109559,rollcontainer,17,no,
00109560,euro-pallet,55,no,
00109561,euro-pallet,65,no,
00109562,euro-pallet,41,no,
00109563,rollcontainer,37,no,
00109564,rollcontainer,42,no,
00109565,euro-pallet,55,no,
00109566,rollcontainer,45,no,
00109567,rollcontainer,46,no,
00109568,rollcontainer,40,no,
00109569,euro-pallet,54,no,
00109570,euro-pallet,29,no,
00109571,rollcontainer,45,no,
00109572,rollcontainer,33,no,
00109573,euro-pallet,49,no,
00109574,rollcontainer,22,no,
00109575,euro-pallet,46,no,
00109576,rollcontainer,40,no,
00109577,rollcontainer,37,no,
00109578,rollcontainer,52,no,
00109579,euro-pallet,52,no,
00109580,euro-pallet,92,no,
00109581,rollcontainer,36,no,
00109582,euro-pallet,58,no,
00109583,euro-pallet,67,no,
00109584,rollcontainer,47,no,
00109585,rollcontainer,47,no,
00109586,euro-pallet,58,no,
00109587,euro-pallet,61,no,
00109588,rollcontainer,33,no,
00109589,euro-pallet,55,no,
00109590,rollcontainer,36,no,
00109591,euro-pallet,47,no,
00109592,rollcontainer,76,no,
00109593,rollcontainer,32,no,
00109594,euro-pallet,28,no,
00109595,euro-pallet,54,no,
00109596,euro-pallet,59,no,
00109597,rollcontainer,44,no,
00109598,euro-pallet,53,no,
00109599,rollcontainer,21,no,
00109600,rollcontainer,31,no,
00109601,euro-pallet,35,no,
00109602,euro-pallet,52,no,
00109603,rollcontainer,30,no,
00109604,rollcontainer,36,no,
00109605,euro-pallet,44,no,
00109606,euro-pallet,66,no,
00109607,rollcontainer,32,no,
00109608,euro-pallet,54,no,
00109609,rollcontainer,34,no,
00109610,euro-pallet,58,no,
00109611,rollcontainer,35,no,
00109612,euro-pallet,51,no,
00109613,rollcontainer,24,no,
00109614,euro-pallet,42,no,
00109615,rollcontainer,46,no,
00109616,rollcontainer,24,no,
00109617,euro-pallet,34,no,
00109618,euro-pallet,61,no,
00109619,euro-pallet,63,no,
00109620,rollcontainer,19,no,
00109621,euro-pallet,34,no,
00109622,euro-pallet,49,no,
00109623,rollcontainer,36,no,
00109624,euro-pallet,52,no,
00109625,euro-pallet,67,no,
00109626,euro-pallet,64,no,
00109627,euro-pallet,95,no,
00109628,rollcontainer,31,no,
00109629,rollcontainer,39,no,
00109630,rollcontainer,31,no,
00109631,rollcontainer,45,no,
00109632,rollcontainer,18,no,
00109633,euro-pallet,43,no,
00109634,euro-pallet,57,no,
00109635,rollcontainer,39,no,
00109636,rollcontainer,32,no,
00109637,euro-pallet,36,no,
00109638,euro-pallet,55,no,
00109639,rollcontainer,55,no,
00109640,euro-pallet,51,no,
00109641,rollcontainer,36,no,
00109642,euro-pallet,60,no,
00109643,euro-pallet,45,no,
00109644,rollcontainer,46,no,
00109645,rollcontainer,43,no,
00109646,rollcontainer,40,no,
00109647,rollcontainer,42,no,
00109648,euro-pallet,30,no,
00109649,euro-pallet,42,no,
00109650,euro-pallet,68,no,
00109651,rollcontainer,50,no,
00109652,rollcontainer,39,no,
00109653,rollcontainer,19,no,
00109654,rollcontainer,35,no,
00109655,euro-pallet,94,no,
00109656,euro-pallet,43,no,
00109657,euro-pallet,56,no,
00109658,rollcontainer,41,no,
00109659,euro-pallet,57,no,
00109660,rollcontainer,39,no,
00109661,rollcontainer,38,no,
00109662,rollcontainer,50,no,
00109663,euro-pallet,50,no,
00109664,rollcontainer,39,no,
00109665,euro-pallet,44,no,
00109666,euro-pallet,60,yes,bedbpp_order_00109666_euro-pallet.txt
00109667,rollcontainer,45,no,
00109668,rollcontainer,40,no,
00109669,euro-pallet,34,no,
00109670,rollcontainer,35,no,
00109671,rollcontainer,36,no,
00109672,rollcontainer,51,no,
00109673,euro-pallet,45,no,
00109674,rollcontainer,42,no,
00109675,rollcontainer,36,no,
00109676,euro-pallet,53,no,
00109677,euro-pallet,39,no,
00109678,rollcontainer,37,no,
00109679,euro-pallet,43,no,
00109680,rollcontainer,38,no,
00109681,euro-pallet,44,no,
00109682,euro-pallet,49,no,
00109683,euro-pallet,59,no,
00109684,rollcontainer,38,no,
00109685,euro-pallet,51,no,
00109686,rollcontainer,32,no,
00109687,euro-pallet,53,no,
00109688,euro-pallet,54,no,
00109689,rollcontainer,34,no,
00109690,euro-pallet,52,no,
00109691,euro-pallet,42,no,
00109692,rollcontainer,17,no,
00109693,rollcontainer,44,no,
00109694,rollcontainer,18,no,
00109695,rollcontainer,43,no,
00109696,rollcontainer,40,no,
00109697,rollcontainer,17,no,
00109698,euro-pallet,57,no,
00109699,rollcontainer,44,no,
00109700,euro-pallet,35,no,
00109701,rollcontainer,31,no,
00109702,rollcontainer,34,no,
00109703,euro-pallet,64,no,
00109704,rollcontainer,39,no,
00109705,euro-pallet,58,no,
00109706,rollcontainer,43,no,
00109707,rollcontainer,23,no,
00109708,rollcontainer,19,no,
00109709,euro-pallet,43,no,
00109710,rollcontainer,37,no,
00109711,rollcontainer,40,no,
00109712,euro-pallet,91,no,
00109713,euro-pallet,46,no,
00109714,rollcontainer,16,no,
00109715,euro-pallet,36,no,
00109716,euro-pallet,54,no,
00109717,euro-pallet,63,no,
00109718,rollcontainer,21,no,
00109719,euro-pallet,37,no,
00109720,rollcontainer,44,no,
00109721,euro-pallet,28,no,
00109722,rollcontainer,46,no,
00109723,rollcontainer,32,no,
00109724,rollcontainer,40,no,
00109725,rollcontainer,35,no,
00109726,euro-pallet,56,no,
00109727,euro-pallet,47,no,
00109728,euro-pallet,65,no,
00109729,rollcontainer,34,no,
00109730,rollcontainer,22,no,
00109731,euro-pallet,42,no,
00109732,euro-pallet,62,no,
00109733,rollcontainer,22,no,
00109734,euro-pallet,42,no,
00109735,euro-pallet,43,no,
00109736,euro-pallet,57,no,
00109737,rollcontainer,42,no,
00109738,euro-pallet,51,no,
00109739,euro-pallet,61,no,
00109740,rollcontainer,33,no,
00109741,euro-pallet,57,no,
00109742,euro-pallet,63,no,
00109743,euro-pallet,61,no,
00109744,rollcontainer,47,no,
00109745,rollcontainer,20,no,
00109746,euro-pallet,70,no,
00109747,rollcontainer,44,no,
00109748,euro-pallet,50,no,
00109749,euro-pallet,49,no,
00109750,euro-pallet,51,no,
00109751,rollcontainer,16,no,
00109752,euro-pallet,53,no,
00109753,rollcontainer,40,no,
00109754,euro-pallet,46,no,
00109755,rollcontainer,43,no,
00109756,euro-pallet,29,no,
00109757,rollcontainer,45,no,
00109758,euro-pallet,58,no,
00109759,rollcontainer,81,no,
00109760,euro-pallet,69,no,
00109761,euro-pallet,41,no,
00109762,rollcontainer,33,no,
00109763,rollcontainer,37,no,
00109764,rollcontainer,30,no,
00109765,euro-pallet,53,no,
00109766,euro-pallet,34,no,
00109767,rollcontainer,18,no,
00109768,rollcontainer,45,no,
00109769,rollcontainer,42,no,
00109770,rollcontainer,16,no,
00109771,rollcontainer,19,no,
00109772,rollcontainer,56,no,
00109773,euro-pallet,51,no,
00109774,euro-pallet,39,no,
00109775,rollcontainer,16,no,
00109776,rollcontainer,46,no,
00109777,euro-pallet,48,no,
00109778,euro-pallet,43,no,
00109779,euro-pallet,43,no,
00109780,euro-pallet,46,no,
00109781,euro-pallet,53,no,
00109782,euro-pallet,52,no,
00109783,euro-pallet,36,no,
00109784,rollcontainer,40,no,
00109785,euro-pallet,41,no,
00109786,euro-pallet,43,no,
00109787,rollcontainer,42,no,
00109788,rollcontainer,41,no,
00109789,rollcontainer,44,no,
00109790,euro-pallet,55,no,
00109791,rollcontainer,43,no,
00109792,euro-pallet,57,no,
00109793,euro-pallet,49,no,
00109794,euro-pallet,34,no,
00109795,euro-pallet,41,no,
00109796,rollcontainer,67,no,
00109797,rollcontainer,49,no,
00109798,rollcontainer,44,no,
00109799,rollcontainer,50,no,
00109800,rollcontainer,47,no,
00109801,euro-pallet,63,no,
00109802,euro-pallet,40,no,
00109803,rollcontainer,34,no,
00109804,rollcontainer,39,no,
00109805,euro-pallet,33,no,
00109806,euro-pallet,48,no,
00109807,rollcontainer,34,no,
00109808,euro-pallet,49,no,
00109809,euro-pallet,55,no,
00109810,euro-pallet,49,no,
00109811,rollcontainer,28,no,
00109812,rollcontainer,42,no,
00109813,rollcontainer,17,no,
00109814,rollcontainer,44,no,
00109815,euro-pallet,52,no,
00109816,rollcontainer,51,no,
00109817,euro-pallet,45,no,
00109818,rollcontainer,43,no,
00109819,euro-pallet,58,no,
00109820,rollcontainer,37,no,
00109821,rollcontainer,20,no,
00109822,rollcontainer,40,no,
00109823,rollcontainer,36,no,
00109824,rollcontainer,35,no,
00109825,rollcontainer,32,no,
00109826,rollcontainer,38,no,
00109827,rollcontainer,47,no,
00109828,rollcontainer,41,no,
00109829,rollcontainer,40,no,
00109830,euro-pallet,55,no,
00109831,euro-pallet,50,no,
00109832,euro-pallet,49,no,
00109833,euro-pallet,25,no,
00109834,euro-pallet,57,no,
00109835,euro-pallet,43,no,
00109836,rollcontainer,40,no,
00109837,rollcontainer,40,no,
00109838,euro-pallet,51,no,
00109839,euro-pallet,51,no,
00109840,euro-pallet,34,no,
00109841,rollcontainer,21,no,
00109842,euro-pallet,62,no,
00109843,euro-pallet,44,no,
00109844,rollcontainer,40,no,
00109845,euro-pallet,58,no,
00109846,rollcontainer,32,no,
00109847,rollcontainer,48,no,
00109848,rollcontainer,43,no,
00109849,rollcontainer,32,no,
00109850,euro-pallet,52,no,
00109851,rollcontainer,44,no,
00109852,euro-pallet,48,no,
00109853,rollcontainer,44,no,
00109854,rollcontainer,17,no,
00109855,euro-pallet,64,no,
00109856,euro-pallet,46,no,
00109857,euro-pallet,33,no,
00109858,euro-pallet,46,no,
00109859,euro-pallet,47,no,
00109860,euro-pallet,47,no,
00109861,euro-pallet,42,no,
00109862,euro-pallet,44,no,
00109863,euro-pallet,54,no,
00109864,euro-pallet,56,no,
00109865,rollcontainer,21,no,
00109866,rollcontainer,34,no,
00109867,rollcontainer,47,no,
00109868,euro-pallet,53,no,
00109869,euro-pallet,31,no,
00109870,rollcontainer,42,no,
00109871,rollcontainer,36,no,
00109872,euro-pallet,34,no,
00109873,rollcontainer,35,no,
00109874,rollcontainer,36,no,
00109875,rollcontainer,19,no,
00109876,euro-pallet,66,no,
00109877,rollcontainer,45,no,
00109878,rollcontainer,48,no,
00109879,rollcontainer,25,no,
00109880,euro-pallet,42,no,
00109881,rollcontainer,42,no,
00109882,euro-pallet,46,no,
00109883,euro-pallet,30,no,
00109884,rollcontainer,35,no,
00109885,rollcontainer,66,no,
00109886,rollcontainer,17,no,
00109887,euro-pallet,31,no,
00109888,euro-pallet,60,no,
00109889,euro-pallet,45,no,
00109890,rollcontainer,31,no,
00109891,rollcontainer,62,no,
00109892,euro-pallet,52,no,
00109893,rollcontainer,49,no,
00109894,euro-pallet,32,no,
00109895,rollcontainer,27,no,
00109896,rollcontainer,31,no,
00109897,euro-pallet,51,no,
00109898,rollcontainer,40,no,
00109899,rollcontainer,43,no,
00109900,rollcontainer,47,no,
00109901,euro-pallet,57,no,
00109902,euro-pallet,55,no,
00109903,euro-pallet,32,no,
00109904,rollcontainer,42,no,
00109905,rollcontainer,34,no,
00109906,rollcontainer,46,no,
00109907,euro-pallet,47,no,
00109908,euro-pallet,59,no,
00109909,euro-pallet,54,no,
00109910,rollcontainer,39,no,
00109911,rollcontainer,47,no,
00109912,rollcontainer,40,no,
00109913,euro-pallet,63,no,
00109914,euro-pallet,49,no,
00109915,euro-pallet,52,no,
00109916,rollcontainer,33,no,
00109917,rollcontainer,22,no,
00109918,euro-pallet,44,no,
00109919,euro-pallet,40,no,
00109920,rollcontainer,21,no,
00109921,rollcontainer,41,no,
00109922,rollcontainer,31,no,
00109923,rollcontainer,37,no,
00109924,euro-pallet,93,no,
00109925,rollcontainer,35,no,
00109926,euro-pallet,53,no,
00109927,rollcontainer,21,no,
00109928,rollcontainer,22,no,
00109929,euro-pallet,38,no,
00109930,euro-pallet,44,no,
00109931,euro-pallet,32,no,
00109932,rollcontainer,41,no,
00109933,rollcontainer,42,no,
00109934,rollcontainer,27,no,
00109935,rollcontainer,20,no,
00109936,euro-pallet,57,no,
00109937,euro-pallet,56,no,
00109938,euro-pallet,54,no,
00109939,rollcontainer,42,no,
00109940,rollcontainer,45,no,
00109941,euro-pallet,35,no,
00109942,euro-pallet,34,no,
00109943,euro-pallet,55,no,
00109944,rollcontainer,45,no,
00109945,euro-pallet,64,no,
00109946,euro-pallet,39,no,
00109947,rollcontainer,43,no,
00109948,rollcontainer,45,no,
00109949,euro-pallet,65,no,
00109950,euro-pallet,35,no,
00109951,rollcontainer,43,no,
00109952,rollcontainer,29,no,
00109953,euro-pallet,57,no,
00109954,rollcontainer,44,no,
00109955,euro-pallet,42,no,
00109956,euro-pallet,51,no,
00109957,rollcontainer,37,no,
00109958,rollcontainer,47,no,
00109959,rollcontainer,36,no,
00109960,rollcontainer,22,no,
00109961,rollcontainer,36,no,
00109962,rollcontainer,23,no,
00109963,euro-pallet,56,no,
00109964,euro-pallet,51,no,
00109965,rollcontainer,19,no,
00109966,euro-pallet,50,no,
00109967,euro-pallet,56,no,
00109968,rollcontainer,62,no,
00109969,rollcontainer,45,no,
00109970,rollcontainer,69,no,
00109971,rollcontainer,20,no,
00109972,rollcontainer,19,no,
00109973,rollcontainer,20,no,
00109974,rollcontainer,42,no,
00109975,rollcontainer,45,no,
00109976,rollcontainer,49,no,
00109977,euro-pallet,55,no,
00109978,euro-pallet,56,no,
00109979,rollcontainer,35,no,
00109980,rollcontainer,49,no,
00109981,rollcontainer,40,no,
00109982,euro-pallet,38,no,
00109983,euro-pallet,35,no,
00109984,euro-pallet,62,no,
00109985,rollcontainer,38,no,
00109986,euro-pallet,52,no,
00109987,rollcontainer,31,no,
00109988,euro-pallet,43,no,
00109989,euro-pallet,59,no,
00109990,rollcontainer,34,no,
00109991,rollcontainer,16,no,
00109992,euro-pallet,46,no,
00109993,rollcontainer,34,no,
00109994,rollcontainer,29,no,
00109995,rollcontainer,41,no,
00109996,rollcontainer,42,no,
00109997,rollcontainer,36,no,
00109998,euro-pallet,33,no,
00109999,euro-pallet,44,no,
00110000,rollcontainer,69,no,
00110001,euro-pallet,55,no,
00110002,rollcontainer,50,no,
00110003,euro-pallet,58,no,
